Handle,Title,Body (HTML),Vendor,Type,Tags,Published,Option1 Name,Option1 Value,Option2 Name,Option2 Value,Variant SKU,Variant Grams,Variant Inventory Tracker,Variant Inventory Qty,Variant Inventory Policy,Variant Fulfillment Service,Variant Price,Variant Requires Shipping,Variant Taxable,Image Src,Image Position,Image Alt Text,SEO Title,SEO Description,Status
u-100-insulin-syringes,U-100 insulin syringes,"<p>A fixed needle and a unit scale, which is what makes a small dose readable. The finer gauges are noticeably more comfortable and slightly slower to draw.</p><h2>What a U-100 insulin syringe is</h2><p>U-100 means the barrel is graduated for insulin at a concentration of 100 units per millilitre. One hundred units fills one millilitre, so a unit mark is one hundredth of a millilitre. That is the whole reason these exist: at that scale a millilitre scale is unreadable, and a unit scale is not.</p><p>The needle is fixed rather than screwed on, which removes the dead space where a luer fitting would be. On a small dose that dead space is a meaningful share of what you drew up, which is why a fixed needle syringe is the standard choice for anything measured in units rather than millilitres.</p><p>These are single use and sterilised with ethylene oxide. They are consumables. Whatever goes in them comes from your pharmacy on a prescription, and we have nothing to do with that part.</p><h2>Which gauge and length to choose</h2><p>Gauge is thickness and the scale runs backwards, so 31G is finer than 29G. A finer needle is noticeably more comfortable and draws more slowly, because you are pulling the same volume through a smaller hole. A thicker one fills faster and is easier to feel going in.</p><p>Length decides what layer you land in. For an injection into the fat under the skin, the shortest needle available is the one to reach for, and Australian and international diabetes guidance has moved that way for exactly this reason: a short needle is very unlikely to reach muscle whatever your body size.</p><p>If you are not certain which pair you want, the Gauge Finder asks three plain questions and tells you, without asking what you are injecting.</p><h2>Specifications</h2><table><tr><th>Barrel</th><td>1.0mL and 0.5mL</td></tr><tr><th>Graduation</th><td>1 unit</td></tr><tr><th>Needle</th><td>Fixed, pre-attached</td></tr><tr><th>Dead space</th><td>Low</td></tr><tr><th>Material</th><td>DEHP free, PVC free</td></tr><tr><th>Sterilisation</th><td>Ethylene oxide</td></tr></table>",Good Practice Supply,Syringes & needles,"syringes-needles,insulin,syringe,launch-range",FALSE,Gauge and length,27G × 13mm,Pack,Box of 100,GPS-SYR-U-100-INSULIN-SYRINGES-0101,0,shopify,0,deny,manual,47.76,TRUE,TRUE,https://d8j0ntlcm91z4.cloudfront.net/user_302vtY04kC9nbtUjJJAhLoDVMFw/hf_20260912_014655_c87ec5d7-96f6-4729-b6ef-fc062184ab3f.png,1,U-100 insulin syringes,"U-100 insulin syringes, box of 100","U-100 insulin syringes with a fixed needle, 27G to 31G, graduated in units. Box of 100, priced on the page, no account needed. Dispatched from Sydney.",draft
u-100-insulin-syringes,,,,,,,Gauge and length,27G × 13mm,Pack,Box of 200,GPS-SYR-U-100-INSULIN-SYRINGES-0102,0,shopify,0,deny,manual,89.90,TRUE,TRUE,,,,,,
u-100-insulin-syringes,,,,,,,Gauge and length,27G × 13mm,Pack,Carton of 500,GPS-SYR-U-100-INSULIN-SYRINGES-0103,0,shopify,0,deny,manual,204.50,TRUE,TRUE,,,,,,
u-100-insulin-syringes,,,,,,,Gauge and length,29G × 13mm,Pack,Box of 100,GPS-SYR-U-100-INSULIN-SYRINGES-0201,0,shopify,0,deny,manual,47.76,TRUE,TRUE,,,,,,
u-100-insulin-syringes,,,,,,,Gauge and length,29G × 13mm,Pack,Box of 200,GPS-SYR-U-100-INSULIN-SYRINGES-0202,0,shopify,0,deny,manual,89.90,TRUE,TRUE,,,,,,
u-100-insulin-syringes,,,,,,,Gauge and length,29G × 13mm,Pack,Carton of 500,GPS-SYR-U-100-INSULIN-SYRINGES-0203,0,shopify,0,deny,manual,204.50,TRUE,TRUE,,,,,,
u-100-insulin-syringes,,,,,,,Gauge and length,30G × 8mm,Pack,Box of 100,GPS-SYR-U-100-INSULIN-SYRINGES-0301,0,shopify,0,deny,manual,47.76,TRUE,TRUE,,,,,,
u-100-insulin-syringes,,,,,,,Gauge and length,30G × 8mm,Pack,Box of 200,GPS-SYR-U-100-INSULIN-SYRINGES-0302,0,shopify,0,deny,manual,89.90,TRUE,TRUE,,,,,,
u-100-insulin-syringes,,,,,,,Gauge and length,30G × 8mm,Pack,Carton of 500,GPS-SYR-U-100-INSULIN-SYRINGES-0303,0,shopify,0,deny,manual,204.50,TRUE,TRUE,,,,,,
u-100-insulin-syringes,,,,,,,Gauge and length,31G × 6mm,Pack,Box of 100,GPS-SYR-U-100-INSULIN-SYRINGES-0401,0,shopify,0,deny,manual,47.76,TRUE,TRUE,,,,,,
u-100-insulin-syringes,,,,,,,Gauge and length,31G × 6mm,Pack,Box of 200,GPS-SYR-U-100-INSULIN-SYRINGES-0402,0,shopify,0,deny,manual,89.90,TRUE,TRUE,,,,,,
u-100-insulin-syringes,,,,,,,Gauge and length,31G × 6mm,Pack,Carton of 500,GPS-SYR-U-100-INSULIN-SYRINGES-0403,0,shopify,0,deny,manual,204.50,TRUE,TRUE,,,,,,
luer-lock-syringes,Luer-lock syringes,"<p>A screw fitting that cannot separate under pressure, which matters the moment you push anything viscous. Three part construction for a smooth plunger.</p><h2>What the lock is for</h2><p>A luer-lock tip has a thread, so the needle screws on and stays on. A luer-slip pushes on by friction. The difference only matters under pressure, and under pressure it matters a great deal: a slip fitting can separate while you are pushing, which is exactly when you do not want it to.</p><p>Three part means there is a rubber tip on the plunger, which is what makes the action smooth and the seal reliable. Two part syringes are cheaper and stickier.</p><h2>Choosing a volume</h2><p>Pick the smallest barrel your dose fits in. A dose measured near the bottom of a 10mL barrel is far harder to read accurately than the same dose most of the way up a 1mL, because the graduations are further apart on the smaller barrel.</p><p>For anything you are drawing from a vial, use a drawing-up needle to fill and swap to the injecting needle before you inject.</p><h2>Specifications</h2><table><tr><th>Construction</th><td>Three part, siliconised</td></tr><tr><th>Fitting</th><td>Luer-lock</td></tr><tr><th>Sterilisation</th><td>Ethylene oxide</td></tr><tr><th>Single use</th><td>Yes</td></tr></table>",Good Practice Supply,Syringes & needles,"syringes-needles,luer,syringe,launch-range",FALSE,Volume,1mL,Pack,Box of 100,GPS-SYR-LUER-LOCK-SYRINGES-0101,0,shopify,0,deny,manual,32.40,TRUE,TRUE,https://d8j0ntlcm91z4.cloudfront.net/user_302vtY04kC9nbtUjJJAhLoDVMFw/hf_20260912_014655_c87ec5d7-96f6-4729-b6ef-fc062184ab3f.png,1,Luer-lock syringes,"Luer-lock syringes, 1mL and 3mL, box of 100","Three part luer-lock syringes in 1mL, 3mL, 5mL and 10mL, sterile single use, box of 100. Priced on the page, no account needed.",draft
luer-lock-syringes,,,,,,,Volume,1mL,Pack,Box of 200,GPS-SYR-LUER-LOCK-SYRINGES-0102,0,shopify,0,deny,manual,61.00,TRUE,TRUE,,,,,,
luer-lock-syringes,,,,,,,Volume,3mL,Pack,Box of 100,GPS-SYR-LUER-LOCK-SYRINGES-0201,0,shopify,0,deny,manual,32.40,TRUE,TRUE,,,,,,
luer-lock-syringes,,,,,,,Volume,3mL,Pack,Box of 200,GPS-SYR-LUER-LOCK-SYRINGES-0202,0,shopify,0,deny,manual,61.00,TRUE,TRUE,,,,,,
luer-lock-syringes,,,,,,,Volume,5mL,Pack,Box of 100,GPS-SYR-LUER-LOCK-SYRINGES-0301,0,shopify,0,deny,manual,32.40,TRUE,TRUE,,,,,,
luer-lock-syringes,,,,,,,Volume,5mL,Pack,Box of 200,GPS-SYR-LUER-LOCK-SYRINGES-0302,0,shopify,0,deny,manual,61.00,TRUE,TRUE,,,,,,
hypodermic-needles,Hypodermic needles,"<p>Separate needles for drawing and injecting, colour coded to the ISO standard so the gauge is readable across a bench at a glance.</p><h2>Reading a needle</h2><p>Two numbers describe a needle and they do different jobs. Gauge is the outer diameter and the scale runs backwards, so 25G is finer than 23G. Length decides the layer you land in: under the skin, or through it into muscle.</p><p>The hub colour follows ISO 6009, so 23G is blue and 25G is orange across every manufacturer that follows it. Manufacturers occasionally differ, so read the carton rather than trusting the colour alone. Our needle gauge chart lists every gauge with its outer diameter in millimetres.</p><h2>Intramuscular and subcutaneous</h2><p>An intramuscular injection has to clear skin and fat to reach muscle, which is why 23G to 25G at one inch to one and a half is the usual range. Too short and it goes into fat instead of muscle; the right length depends on the site and on the person.</p><p>Anything under the skin wants shorter and finer. If you are drawing from a vial and injecting with the same needle you are blunting it on the stopper, so draw up with an 18G and swap.</p><h2>Specifications</h2><table><tr><th>Hub</th><td>ISO 6009 colour coded</td></tr><tr><th>Bevel</th><td>Triple ground</td></tr><tr><th>Range</th><td>18G to 25G</td></tr><tr><th>Sterilisation</th><td>Ethylene oxide</td></tr></table>",Good Practice Supply,Syringes & needles,"syringes-needles,needles,needle,launch-range",FALSE,Gauge and length,23G × 1in,Pack,Box of 100,GPS-SYR-HYPODERMIC-NEEDLES-0101,0,shopify,0,deny,manual,12.90,TRUE,TRUE,https://d8j0ntlcm91z4.cloudfront.net/user_302vtY04kC9nbtUjJJAhLoDVMFw/hf_20260912_023904_70721a4d-07ea-42bc-b730-aba9835e34b7.png,1,Hypodermic needles,"Hypodermic needles, 18G to 25G, ISO colour coded","Sterile hypodermic needles in the gauges people actually use, 18G to 25G, ISO colour coded hubs, 1 to 1.5 inch. Box of 100, priced on the page.",draft
hypodermic-needles,,,,,,,Gauge and length,23G × 1in,Pack,Box of 500,GPS-SYR-HYPODERMIC-NEEDLES-0102,0,shopify,0,deny,manual,54.50,TRUE,TRUE,,,,,,
hypodermic-needles,,,,,,,Gauge and length,23G × 1.5in,Pack,Box of 100,GPS-SYR-HYPODERMIC-NEEDLES-0201,0,shopify,0,deny,manual,12.90,TRUE,TRUE,,,,,,
hypodermic-needles,,,,,,,Gauge and length,23G × 1.5in,Pack,Box of 500,GPS-SYR-HYPODERMIC-NEEDLES-0202,0,shopify,0,deny,manual,54.50,TRUE,TRUE,,,,,,
hypodermic-needles,,,,,,,Gauge and length,25G × 1in,Pack,Box of 100,GPS-SYR-HYPODERMIC-NEEDLES-0301,0,shopify,0,deny,manual,12.90,TRUE,TRUE,,,,,,
hypodermic-needles,,,,,,,Gauge and length,25G × 1in,Pack,Box of 500,GPS-SYR-HYPODERMIC-NEEDLES-0302,0,shopify,0,deny,manual,54.50,TRUE,TRUE,,,,,,
hypodermic-needles,,,,,,,Gauge and length,27G × 1/2in,Pack,Box of 100,GPS-SYR-HYPODERMIC-NEEDLES-0401,0,shopify,0,deny,manual,12.90,TRUE,TRUE,,,,,,
hypodermic-needles,,,,,,,Gauge and length,27G × 1/2in,Pack,Box of 500,GPS-SYR-HYPODERMIC-NEEDLES-0402,0,shopify,0,deny,manual,54.50,TRUE,TRUE,,,,,,
drawing-up-needles,Drawing-up needles,"<p>Blunt, so it cannot be injected with by accident, and wide enough to pull a thick oil out of a vial in seconds rather than a minute.</p><h2>Why a separate needle to draw up</h2><p>Pushing a needle through a rubber stopper blunts it and can core a plug of rubber out of the stopper. Doing that with the needle you are about to inject with is the single most avoidable cause of an injection hurting more than it needs to.</p><p>An 18G draws fast, which matters when you are pulling a viscous diluent or a full millilitre. You swap it for the injecting needle before the needle goes anywhere near skin.</p><h2>Blunt fill or sharp fill</h2><p>A blunt fill needle will not pierce an unvented stopper, so it is for vials with a pierceable septum designed for it, and for drawing from an ampoule. A sharp fill will go through a standard rubber stopper.</p><p>If you are entering the same vial repeatedly, a vial access device is a better answer than either, because it seats once and gives you a luer port to attach to.</p><h2>Specifications</h2><table><tr><th>Gauge</th><td>18G</td></tr><tr><th>Tip</th><td>Blunt fill or sharp fill</td></tr><tr><th>Use</th><td>Drawing and reconstitution only</td></tr><tr><th>Sterilisation</th><td>Ethylene oxide</td></tr></table>",Good Practice Supply,Syringes & needles,"syringes-needles,needles,needle,launch-range",FALSE,Tip,18G blunt fill,Pack,Box of 100,GPS-SYR-DRAWING-UP-NEEDLES-0101,0,shopify,0,deny,manual,14.20,TRUE,TRUE,https://d8j0ntlcm91z4.cloudfront.net/user_302vtY04kC9nbtUjJJAhLoDVMFw/hf_20260912_023904_70721a4d-07ea-42bc-b730-aba9835e34b7.png,1,Drawing-up needles,"Drawing-up needles, 18G, box of 100","Sterile 18G drawing-up and reconstitution needles, blunt or sharp fill, box of 100. Priced on the page, no account needed, dispatched from Sydney.",draft
drawing-up-needles,,,,,,,Tip,18G blunt fill,Pack,Box of 500,GPS-SYR-DRAWING-UP-NEEDLES-0102,0,shopify,0,deny,manual,62.00,TRUE,TRUE,,,,,,
drawing-up-needles,,,,,,,Tip,21G sharp fill,Pack,Box of 100,GPS-SYR-DRAWING-UP-NEEDLES-0201,0,shopify,0,deny,manual,14.20,TRUE,TRUE,,,,,,
drawing-up-needles,,,,,,,Tip,21G sharp fill,Pack,Box of 500,GPS-SYR-DRAWING-UP-NEEDLES-0202,0,shopify,0,deny,manual,62.00,TRUE,TRUE,,,,,,
vial-access-devices,Vial access devices,"<p>Seats once in the stopper and gives you a clean luer port to work through, so you stop pushing a needle through the same spot and coring rubber into the vial.</p><h2>What an adapter replaces</h2><p>A vial access device seats on the neck of the vial once, pierces the stopper once, and leaves you a luer-lock port to attach a syringe to. Every entry after that is needle free.</p><p>That removes the two problems with entering a stopper repeatedly: the needle blunts, and each pass can core a small plug of rubber into the vial. It also removes a sharp from the part of the process where you are least likely to be paying attention to it.</p><h2>Getting the neck size right</h2><p>Measure the neck, not the vial. 13mm and 20mm are the two common sizes and an adapter for one will not seat on the other. The number is usually on the carton the vial came in.</p><p>Most have a vent with a filter, so pressure equalises as you draw rather than fighting you.</p><h2>Specifications</h2><table><tr><th>Neck sizes</th><td>13mm and 20mm</td></tr><tr><th>Filter</th><td>0.2 micron vented</td></tr><tr><th>Port</th><td>Luer-lock, needle free</td></tr><tr><th>Sterility</th><td>Sterile, single use</td></tr></table>",Good Practice Supply,Syringes & needles,"syringes-needles,access,prep,launch-range",FALSE,Neck size,20mm,Pack,Box of 50,GPS-SYR-VIAL-ACCESS-DEVICES-0101,0,shopify,0,deny,manual,26.50,TRUE,TRUE,https://d8j0ntlcm91z4.cloudfront.net/user_302vtY04kC9nbtUjJJAhLoDVMFw/hf_20260912_014655_90258385-316a-41e3-ad9d-cb1d75f7eda4.png,1,Vial access devices,"Vial access devices, needle-free, 13mm and 20mm","Needle-free vial adapters with a luer-lock port, for 13mm and 20mm vial necks. Sterile, single use, priced on the page, no account needed.",draft
vial-access-devices,,,,,,,Neck size,20mm,Pack,Box of 100,GPS-SYR-VIAL-ACCESS-DEVICES-0102,0,shopify,0,deny,manual,49.00,TRUE,TRUE,,,,,,
vial-access-devices,,,,,,,Neck size,13mm,Pack,Box of 50,GPS-SYR-VIAL-ACCESS-DEVICES-0201,0,shopify,0,deny,manual,26.50,TRUE,TRUE,,,,,,
vial-access-devices,,,,,,,Neck size,13mm,Pack,Box of 100,GPS-SYR-VIAL-ACCESS-DEVICES-0202,0,shopify,0,deny,manual,49.00,TRUE,TRUE,,,,,,
pen-needles,Pen needles,"<p>The shortest and finest on the Australian market. A 4mm needle very rarely reaches muscle whatever your build, which is why guidance has moved to it.</p><h2>About pen needles</h2><p>The shortest and finest on the Australian market. A 4mm needle very rarely reaches muscle whatever your build, which is why guidance has moved to it.</p><h2>Choosing between the options</h2><p>There are 3 to choose from: 32G × 4mm, 31G × 5mm and 31G × 8mm.</p><p>32G × 4mm: shortest.</p><p>31G × 5mm: slightly longer.</p><p>31G × 8mm: if advised.</p><h2>Pack sizes</h2><p>Available as box of 100 and box of 200. The larger packs work out cheaper per unit, and the price for every one of them is on this page rather than behind a login.</p><h2>Specifications</h2><table><tr><th>Thread</th><td>Universal</td></tr><tr><th>Use</th><td>Single use</td></tr></table>",Good Practice Supply,Syringes & needles,"syringes-needles,needles,needle,launch-range",FALSE,Gauge and length,32G × 4mm,Pack,Box of 100,GPS-SYR-PEN-NEEDLES-0101,0,shopify,0,deny,manual,18.90,TRUE,TRUE,https://d8j0ntlcm91z4.cloudfront.net/user_302vtY04kC9nbtUjJJAhLoDVMFw/hf_20260912_023904_70721a4d-07ea-42bc-b730-aba9835e34b7.png,1,Pen needles,"Pen needles, fits every standard injector pen","Pen needles: Fits every standard injector pen. Available as box of 100 and box of 200. Priced on the page, no account needed, dispatched from Sydney.",draft
pen-needles,,,,,,,Gauge and length,32G × 4mm,Pack,Box of 200,GPS-SYR-PEN-NEEDLES-0102,0,shopify,0,deny,manual,34.90,TRUE,TRUE,,,,,,
pen-needles,,,,,,,Gauge and length,31G × 5mm,Pack,Box of 100,GPS-SYR-PEN-NEEDLES-0201,0,shopify,0,deny,manual,18.90,TRUE,TRUE,,,,,,
pen-needles,,,,,,,Gauge and length,31G × 5mm,Pack,Box of 200,GPS-SYR-PEN-NEEDLES-0202,0,shopify,0,deny,manual,34.90,TRUE,TRUE,,,,,,
pen-needles,,,,,,,Gauge and length,31G × 8mm,Pack,Box of 100,GPS-SYR-PEN-NEEDLES-0301,0,shopify,0,deny,manual,18.90,TRUE,TRUE,,,,,,
pen-needles,,,,,,,Gauge and length,31G × 8mm,Pack,Box of 200,GPS-SYR-PEN-NEEDLES-0302,0,shopify,0,deny,manual,34.90,TRUE,TRUE,,,,,,
luer-slip-syringes,Luer-slip syringes,"<p>The same barrel as a luer-lock without the thread, for when the needle pushes on rather than screws on. Cheaper per unit and quicker to change, but it will not hold against pressure, so anything you are pushing hard belongs on a lock.</p><h2>About luer-slip syringes</h2><p>The same barrel as a luer-lock without the thread, for when the needle pushes on rather than screws on. Cheaper per unit and quicker to change, but it will not hold against pressure, so anything you are pushing hard belongs on a lock.</p><p>The construction is three part, siliconised.</p><p>Supplied ethylene oxide.</p><h2>Choosing between the options</h2><p>There are 4 to choose from: 1mL, 3mL, 5mL and 10mL.</p><p>1mL: small doses.</p><p>3mL: the common one.</p><p>5mL: draw and transfer.</p><p>10mL: irrigation and fill.</p><h2>Pack sizes</h2><p>Available as box of 100, carton of 500 and carton of 1000. The larger packs work out cheaper per unit, and the price for every one of them is on this page rather than behind a login.</p><h2>Specifications</h2><table><tr><th>Tip</th><td>Luer slip</td></tr><tr><th>Construction</th><td>Three part, siliconised</td></tr><tr><th>Sterilisation</th><td>Ethylene oxide</td></tr><tr><th>Single use</th><td>Yes</td></tr></table>",Good Practice Supply,Syringes & needles,"syringes-needles,luer,syringe,launch-range",FALSE,Volume,1mL,Pack,Box of 100,GPS-SYR-LUER-SLIP-SYRINGES-0101,0,shopify,0,deny,manual,31.80,TRUE,TRUE,https://d8j0ntlcm91z4.cloudfront.net/user_302vtY04kC9nbtUjJJAhLoDVMFw/hf_20260912_014655_c87ec5d7-96f6-4729-b6ef-fc062184ab3f.png,1,Luer-slip syringes,"Luer-slip syringes, slip tip","Luer-slip syringes: Slip tip, three part, sterile. Available as box of 100, carton of 500 and carton of 1000. Priced on the page, no account needed.",draft
luer-slip-syringes,,,,,,,Volume,1mL,Pack,Carton of 500,GPS-SYR-LUER-SLIP-SYRINGES-0102,0,shopify,0,deny,manual,142.00,TRUE,TRUE,,,,,,
luer-slip-syringes,,,,,,,Volume,1mL,Pack,Carton of 1000,GPS-SYR-LUER-SLIP-SYRINGES-0103,0,shopify,0,deny,manual,269.00,TRUE,TRUE,,,,,,
luer-slip-syringes,,,,,,,Volume,3mL,Pack,Box of 100,GPS-SYR-LUER-SLIP-SYRINGES-0201,0,shopify,0,deny,manual,31.80,TRUE,TRUE,,,,,,
luer-slip-syringes,,,,,,,Volume,3mL,Pack,Carton of 500,GPS-SYR-LUER-SLIP-SYRINGES-0202,0,shopify,0,deny,manual,142.00,TRUE,TRUE,,,,,,
luer-slip-syringes,,,,,,,Volume,3mL,Pack,Carton of 1000,GPS-SYR-LUER-SLIP-SYRINGES-0203,0,shopify,0,deny,manual,269.00,TRUE,TRUE,,,,,,
luer-slip-syringes,,,,,,,Volume,5mL,Pack,Box of 100,GPS-SYR-LUER-SLIP-SYRINGES-0301,0,shopify,0,deny,manual,31.80,TRUE,TRUE,,,,,,
luer-slip-syringes,,,,,,,Volume,5mL,Pack,Carton of 500,GPS-SYR-LUER-SLIP-SYRINGES-0302,0,shopify,0,deny,manual,142.00,TRUE,TRUE,,,,,,
luer-slip-syringes,,,,,,,Volume,5mL,Pack,Carton of 1000,GPS-SYR-LUER-SLIP-SYRINGES-0303,0,shopify,0,deny,manual,269.00,TRUE,TRUE,,,,,,
luer-slip-syringes,,,,,,,Volume,10mL,Pack,Box of 100,GPS-SYR-LUER-SLIP-SYRINGES-0401,0,shopify,0,deny,manual,31.80,TRUE,TRUE,,,,,,
luer-slip-syringes,,,,,,,Volume,10mL,Pack,Carton of 500,GPS-SYR-LUER-SLIP-SYRINGES-0402,0,shopify,0,deny,manual,142.00,TRUE,TRUE,,,,,,
luer-slip-syringes,,,,,,,Volume,10mL,Pack,Carton of 1000,GPS-SYR-LUER-SLIP-SYRINGES-0403,0,shopify,0,deny,manual,269.00,TRUE,TRUE,,,,,,
nitrile-examination-gloves,Nitrile examination gloves,"<p>The default for a reason. No latex proteins, better puncture resistance than vinyl, and a textured fingertip that still works when wet.</p><h2>Nitrile rather than latex</h2><p>Nitrile is a synthetic rubber, so it carries none of the latex protein that causes latex allergy. That is the main reason it has become the default examination glove, in clinics and in the bathroom cupboard both.</p><p>It is also more resistant to punctures and to most chemicals than latex, and it tears visibly when it fails rather than stretching, which is useful: you can see that a glove has gone.</p><h2>Sizing and fit</h2><p>A glove that is too big snags and a glove that is too small tires your hand and splits at the web of the thumb. Most people are a size smaller in nitrile than they expect, because it has less give than latex.</p><p>Powder free throughout. Powdered gloves have largely gone from Australian practice because the powder carries protein and irritates.</p><h2>Specifications</h2><table><tr><th>Material</th><td>Nitrile</td></tr><tr><th>Powder</th><td>Free</td></tr></table>",Good Practice Supply,Gloves & PPE,"gloves-ppe,gloves,glove,launch-range",FALSE,Size,Small,Pack,Box of 100,GPS-GLO-NITRILE-EXAMINATION-GLOVES-0101,0,shopify,0,deny,manual,19.90,TRUE,TRUE,https://d8j0ntlcm91z4.cloudfront.net/user_302vtY04kC9nbtUjJJAhLoDVMFw/hf_20260912_014655_ce0a72ce-81b1-4e0f-9b65-5b02b25a2093.png,1,Nitrile examination gloves,"Nitrile examination gloves, powder free, box of 100","Powder-free blue nitrile examination gloves in S, M, L and XL. Box of 100, priced on the page, no account needed, dispatched from Sydney.",draft
nitrile-examination-gloves,,,,,,,Size,Small,Pack,Carton of 10 boxes,GPS-GLO-NITRILE-EXAMINATION-GLOVES-0102,0,shopify,0,deny,manual,179.00,TRUE,TRUE,,,,,,
nitrile-examination-gloves,,,,,,,Size,Medium,Pack,Box of 100,GPS-GLO-NITRILE-EXAMINATION-GLOVES-0201,0,shopify,0,deny,manual,19.90,TRUE,TRUE,,,,,,
nitrile-examination-gloves,,,,,,,Size,Medium,Pack,Carton of 10 boxes,GPS-GLO-NITRILE-EXAMINATION-GLOVES-0202,0,shopify,0,deny,manual,179.00,TRUE,TRUE,,,,,,
nitrile-examination-gloves,,,,,,,Size,Large,Pack,Box of 100,GPS-GLO-NITRILE-EXAMINATION-GLOVES-0301,0,shopify,0,deny,manual,19.90,TRUE,TRUE,,,,,,
nitrile-examination-gloves,,,,,,,Size,Large,Pack,Carton of 10 boxes,GPS-GLO-NITRILE-EXAMINATION-GLOVES-0302,0,shopify,0,deny,manual,179.00,TRUE,TRUE,,,,,,
nitrile-examination-gloves,,,,,,,Size,Extra large,Pack,Box of 100,GPS-GLO-NITRILE-EXAMINATION-GLOVES-0401,0,shopify,0,deny,manual,19.90,TRUE,TRUE,,,,,,
nitrile-examination-gloves,,,,,,,Size,Extra large,Pack,Carton of 10 boxes,GPS-GLO-NITRILE-EXAMINATION-GLOVES-0402,0,shopify,0,deny,manual,179.00,TRUE,TRUE,,,,,,
latex-examination-gloves,Latex examination gloves,"<p>More tactile than nitrile and still preferred for some fine work. Not for anyone with a latex sensitivity, and label the room accordingly.</p><h2>Why latex is still stocked</h2><p>Latex has better tactile sensitivity and more stretch than nitrile, and some people simply work better in it. It remains the preferred glove for a number of procedures for that reason.</p><p>The trade off is latex protein, which causes allergy in a small but real proportion of people, wearers and patients both. Any practice stocking latex should also stock nitrile, and should know which of its people cannot wear this.</p><h2>Powder free</h2><p>Powdered latex gloves have largely gone from Australian practice. The powder carries latex protein into the air, which turns a contact allergy into an airborne one.</p><h2>Specifications</h2><table><tr><th>Material</th><td>Natural rubber latex</td></tr><tr><th>Powder</th><td>Free</td></tr></table>",Good Practice Supply,Gloves & PPE,"gloves-ppe,gloves,glove,launch-range",FALSE,Size,Small,Pack,Box of 100,GPS-GLO-LATEX-EXAMINATION-GLOVES-0101,0,shopify,0,deny,manual,16.50,TRUE,TRUE,https://d8j0ntlcm91z4.cloudfront.net/user_302vtY04kC9nbtUjJJAhLoDVMFw/hf_20260912_014655_ce0a72ce-81b1-4e0f-9b65-5b02b25a2093.png,1,Latex examination gloves,"Latex examination gloves, powder free, box of 100","Powder-free natural rubber latex examination gloves in S, M, L and XL. Box of 100, priced on the page, no account needed.",draft
latex-examination-gloves,,,,,,,Size,Small,Pack,Carton of 10 boxes,GPS-GLO-LATEX-EXAMINATION-GLOVES-0102,0,shopify,0,deny,manual,148.00,TRUE,TRUE,,,,,,
latex-examination-gloves,,,,,,,Size,Medium,Pack,Box of 100,GPS-GLO-LATEX-EXAMINATION-GLOVES-0201,0,shopify,0,deny,manual,16.50,TRUE,TRUE,,,,,,
latex-examination-gloves,,,,,,,Size,Medium,Pack,Carton of 10 boxes,GPS-GLO-LATEX-EXAMINATION-GLOVES-0202,0,shopify,0,deny,manual,148.00,TRUE,TRUE,,,,,,
latex-examination-gloves,,,,,,,Size,Large,Pack,Box of 100,GPS-GLO-LATEX-EXAMINATION-GLOVES-0301,0,shopify,0,deny,manual,16.50,TRUE,TRUE,,,,,,
latex-examination-gloves,,,,,,,Size,Large,Pack,Carton of 10 boxes,GPS-GLO-LATEX-EXAMINATION-GLOVES-0302,0,shopify,0,deny,manual,148.00,TRUE,TRUE,,,,,,
surgical-masks-level-2,"Surgical masks, Level 2","<p>Level 2 to the Australian standard, which is the everyday clinical choice. Level 3 where splash is likely.</p><h2>What Level 2 means</h2><p>Mask levels describe fluid resistance and filtration, not fit. Level 1 is for short procedures with little fluid. Level 2, equivalent to Type IIR, adds a fluid resistant outer layer and is the general purpose clinical mask. Level 3 is for heavy fluid exposure.</p><p>Three ply: a filter layer between an outer that resists fluid and an inner that sits against the face. The nose wire is what makes the difference between a mask that works and a mask that fogs your glasses.</p><h2>A mask is not a respirator</h2><p>A surgical mask is a barrier against droplets and splash. It is not a fitted respirator and it does not seal to the face, so it does not do the job of a P2 or N95. The two are not substitutes for one another.</p><h2>Specifications</h2><table><tr><th>Standard</th><td>AS 4381</td></tr><tr><th>Layers</th><td>Three</td></tr></table>",Good Practice Supply,Gloves & PPE,"gloves-ppe,masks,prep,launch-range",FALSE,Barrier level,Level 1,Pack,Box of 50,GPS-GLO-SURGICAL-MASKS-LEVEL-2-0101,0,shopify,0,deny,manual,12.90,TRUE,TRUE,https://d8j0ntlcm91z4.cloudfront.net/user_302vtY04kC9nbtUjJJAhLoDVMFw/hf_20260912_014655_90258385-316a-41e3-ad9d-cb1d75f7eda4.png,1,"Surgical masks, Level 2","Surgical masks, Level 2, Type IIR, box of 50","Level 2 (Type IIR) three ply surgical masks with earloops and a fluid resistant outer. Box of 50, priced on the page, no account needed.",draft
surgical-masks-level-2,,,,,,,Barrier level,Level 1,Pack,Carton of 40 boxes,GPS-GLO-SURGICAL-MASKS-LEVEL-2-0102,0,shopify,0,deny,manual,449.00,TRUE,TRUE,,,,,,
surgical-masks-level-2,,,,,,,Barrier level,Level 2,Pack,Box of 50,GPS-GLO-SURGICAL-MASKS-LEVEL-2-0201,0,shopify,0,deny,manual,12.90,TRUE,TRUE,,,,,,
surgical-masks-level-2,,,,,,,Barrier level,Level 2,Pack,Carton of 40 boxes,GPS-GLO-SURGICAL-MASKS-LEVEL-2-0202,0,shopify,0,deny,manual,449.00,TRUE,TRUE,,,,,,
surgical-masks-level-2,,,,,,,Barrier level,Level 3,Pack,Box of 50,GPS-GLO-SURGICAL-MASKS-LEVEL-2-0301,0,shopify,0,deny,manual,12.90,TRUE,TRUE,,,,,,
surgical-masks-level-2,,,,,,,Barrier level,Level 3,Pack,Carton of 40 boxes,GPS-GLO-SURGICAL-MASKS-LEVEL-2-0302,0,shopify,0,deny,manual,449.00,TRUE,TRUE,,,,,,
isolation-gowns,Isolation gowns,"<p>Full coverage with a thumb loop so the cuff stays where you put it. Disposable, because laundering a barrier defeats it.</p><h2>About isolation gowns</h2><p>Full coverage with a thumb loop so the cuff stays where you put it. Disposable, because laundering a barrier defeats it.</p><h2>Choosing between the options</h2><p>There are 2 to choose from: Regular and Large.</p><p>Regular: .</p><p>Large: .</p><h2>Pack sizes</h2><p>Available as pack of 10 and carton of 50. The larger packs work out cheaper per unit, and the price for every one of them is on this page rather than behind a login.</p><h2>Specifications</h2><table><tr><th>Closure</th><td>Neck and waist ties</td></tr><tr><th>Use</th><td>Single use</td></tr></table>",Good Practice Supply,Gloves & PPE,"gloves-ppe,gowns,prep,launch-range",FALSE,Size,Regular,Pack,Pack of 10,GPS-GLO-ISOLATION-GOWNS-0101,0,shopify,0,deny,manual,34.50,TRUE,TRUE,https://d8j0ntlcm91z4.cloudfront.net/user_302vtY04kC9nbtUjJJAhLoDVMFw/hf_20260912_014655_90258385-316a-41e3-ad9d-cb1d75f7eda4.png,1,Isolation gowns,"Isolation gowns, fluid resistant","Isolation gowns: Fluid resistant, thumb loop. Available as pack of 10 and carton of 50. Priced on the page, no account needed, dispatched from Sydney.",draft
isolation-gowns,,,,,,,Size,Regular,Pack,Carton of 50,GPS-GLO-ISOLATION-GOWNS-0102,0,shopify,0,deny,manual,159.00,TRUE,TRUE,,,,,,
isolation-gowns,,,,,,,Size,Large,Pack,Pack of 10,GPS-GLO-ISOLATION-GOWNS-0201,0,shopify,0,deny,manual,34.50,TRUE,TRUE,,,,,,
isolation-gowns,,,,,,,Size,Large,Pack,Carton of 50,GPS-GLO-ISOLATION-GOWNS-0202,0,shopify,0,deny,manual,159.00,TRUE,TRUE,,,,,,
aprons-on-a-roll,Aprons on a roll,"<p>Pull, tear, wear. The cheapest barrier in the room and the one most often missing when it is needed.</p><h2>About aprons on a roll</h2><p>Pull, tear, wear. The cheapest barrier in the room and the one most often missing when it is needed.</p><p>The material is ldpe.</p><h2>Choosing between the options</h2><p>There are 2 to choose from: Standard and Heavy duty.</p><p>Standard: .</p><p>Heavy duty: .</p><h2>Pack sizes</h2><p>Available as roll of 200 and carton of 6 rolls. The larger packs work out cheaper per unit, and the price for every one of them is on this page rather than behind a login.</p><h2>Specifications</h2><table><tr><th>Material</th><td>LDPE</td></tr><tr><th>Format</th><td>Perforated roll</td></tr></table>",Good Practice Supply,Gloves & PPE,"gloves-ppe,gowns,prep,launch-range",FALSE,Grade,Standard,Pack,Roll of 200,GPS-GLO-APRONS-ON-A-ROLL-0101,0,shopify,0,deny,manual,22.90,TRUE,TRUE,https://d8j0ntlcm91z4.cloudfront.net/user_302vtY04kC9nbtUjJJAhLoDVMFw/hf_20260912_014655_90258385-316a-41e3-ad9d-cb1d75f7eda4.png,1,Aprons on a roll,"Aprons on a roll, perforated","Aprons on a roll: Perforated, wall dispensable. Available as roll of 200 and carton of 6 rolls. Priced on the page, no account needed, dispatched from Sydney.",draft
aprons-on-a-roll,,,,,,,Grade,Standard,Pack,Carton of 6 rolls,GPS-GLO-APRONS-ON-A-ROLL-0102,0,shopify,0,deny,manual,124.00,TRUE,TRUE,,,,,,
aprons-on-a-roll,,,,,,,Grade,Heavy duty,Pack,Roll of 200,GPS-GLO-APRONS-ON-A-ROLL-0201,0,shopify,0,deny,manual,22.90,TRUE,TRUE,,,,,,
aprons-on-a-roll,,,,,,,Grade,Heavy duty,Pack,Carton of 6 rolls,GPS-GLO-APRONS-ON-A-ROLL-0202,0,shopify,0,deny,manual,124.00,TRUE,TRUE,,,,,,
alcohol-hand-rub,Alcohol hand rub,"<p>Seventy percent is the number that matters. The emollient is why staff will actually use it forty times a day.</p><h2>About alcohol hand rub</h2><p>Seventy percent is the number that matters. The emollient is why staff will actually use it forty times a day.</p><h2>Choosing between the options</h2><p>There are 2 to choose from: 500mL pump and 5L refill.</p><p>500mL pump: bench.</p><p>5L refill: bulk.</p><h2>Pack sizes</h2><p>Available as each and carton of 6. The larger packs work out cheaper per unit, and the price for every one of them is on this page rather than behind a login.</p><h2>Specifications</h2><table><tr><th>Alcohol</th><td>70% v/v</td></tr><tr><th>Format</th><td>Gel</td></tr></table>",Good Practice Supply,Gloves & PPE,"gloves-ppe,hygiene,prep,launch-range",FALSE,Format,500mL pump,Pack,Each,GPS-GLO-ALCOHOL-HAND-RUB-0101,0,shopify,0,deny,manual,12.90,TRUE,TRUE,https://d8j0ntlcm91z4.cloudfront.net/user_302vtY04kC9nbtUjJJAhLoDVMFw/hf_20260912_014655_90258385-316a-41e3-ad9d-cb1d75f7eda4.png,1,Alcohol hand rub,"Alcohol hand rub, 70% ethanol","Alcohol hand rub: 70% ethanol, with emollient. Available as each and carton of 6. Priced on the page, no account needed, dispatched from Sydney.",draft
alcohol-hand-rub,,,,,,,Format,500mL pump,Pack,Carton of 6,GPS-GLO-ALCOHOL-HAND-RUB-0102,0,shopify,0,deny,manual,69.00,TRUE,TRUE,,,,,,
alcohol-hand-rub,,,,,,,Format,5L refill,Pack,Each,GPS-GLO-ALCOHOL-HAND-RUB-0201,0,shopify,0,deny,manual,12.90,TRUE,TRUE,,,,,,
alcohol-hand-rub,,,,,,,Format,5L refill,Pack,Carton of 6,GPS-GLO-ALCOHOL-HAND-RUB-0202,0,shopify,0,deny,manual,69.00,TRUE,TRUE,,,,,,
alcohol-swabs,Alcohol swabs,"<p>Two per injection, one for the stopper and one for the skin. Buy the two hundred, it is cheaper per swab and you will not run out mid month.</p><h2>What is in the sachet</h2><p>A two ply non-woven pad saturated with 70% isopropyl alcohol, sealed in its own foil sachet so it is still wet when you open it. About 65 by 30mm opened out, which is the size that covers a stopper top and a patch of skin without folding.</p><p>Seventy per cent rather than higher is deliberate. Alcohol needs water present to work on a bacterial cell wall, and neat isopropyl evaporates before it has done the job. Stronger is not better here.</p><h2>Buying them</h2><p>Two swabs per injection is the normal rate, one for the top of the vial or the pen and one for the skin, which is why these run out faster than anyone expects. The 200 box works out cheaper per swab than the 100 and takes up almost the same shelf.</p><p>Let the skin dry before the needle goes in. Alcohol stings on a wet injection site, and it has not finished working until it has evaporated.</p><h2>Specifications</h2><table><tr><th>Alcohol</th><td>70% isopropyl</td></tr><tr><th>Pad</th><td>Two ply non-woven</td></tr><tr><th>Size</th><td>65 × 30mm</td></tr><tr><th>Wrap</th><td>Individual foil sachet</td></tr></table>",Good Practice Supply,Diluents & swabs,"diluents-swabs,swabs,prep,launch-range",FALSE,Formulation,70% isopropyl,Pack,Box of 200,GPS-DIL-ALCOHOL-SWABS-0101,0,shopify,0,deny,manual,8.90,TRUE,TRUE,https://d8j0ntlcm91z4.cloudfront.net/user_302vtY04kC9nbtUjJJAhLoDVMFw/hf_20260912_014655_90258385-316a-41e3-ad9d-cb1d75f7eda4.png,1,Alcohol swabs,"Alcohol swabs, 70% isopropyl, box of 100 or 200","70% isopropyl alcohol swabs, two ply non-woven, individually foil wrapped, about 65 x 30mm. Box of 100 or 200, priced on the page, no account needed.",draft
alcohol-swabs,,,,,,,Formulation,70% isopropyl,Pack,Carton of 20 boxes,GPS-DIL-ALCOHOL-SWABS-0102,0,shopify,0,deny,manual,159.00,TRUE,TRUE,,,,,,
alcohol-swabs,,,,,,,Formulation,With chlorhexidine,Pack,Box of 200,GPS-DIL-ALCOHOL-SWABS-0201,0,shopify,0,deny,manual,8.90,TRUE,TRUE,,,,,,
alcohol-swabs,,,,,,,Formulation,With chlorhexidine,Pack,Carton of 20 boxes,GPS-DIL-ALCOHOL-SWABS-0202,0,shopify,0,deny,manual,159.00,TRUE,TRUE,,,,,,
bacteriostatic-water,Bacteriostatic water,"<p>Preserved, so the vial keeps for weeks refrigerated once broached. Sterile water has no preservative and is single use the moment you open it.</p><h2>What bacteriostatic water is</h2><p>Sterile water with 0.9% benzyl alcohol added as a preservative. The preservative is what makes the vial multi-dose: it suppresses bacterial growth after the stopper has been punctured, so the vial can be entered more than once within the period its instructions allow.</p><p>That is the entire difference between this and sterile water for injection, which has no preservative and is single use. Both are diluents. Neither is a medicine.</p><h2>10mL or 30mL</h2><p>Pick on how much you will use before the vial expires after first entry rather than on price per millilitre. A 30mL vial that gets discarded half used is more expensive than two 10mL vials that get finished.</p><p>The vial is glass with a rubber stopper and an aluminium crimp. Swab the stopper before every entry, and use a drawing-up needle rather than the needle you are injecting with, because coring the stopper blunts a needle fast.</p><h2>Specifications</h2><table><tr><th>Preservative</th><td>0.9% benzyl alcohol</td></tr><tr><th>Vial</th><td>Multi-dose glass</td></tr><tr><th>Stopper</th><td>Butyl rubber, aluminium crimp</td></tr><tr><th>Sizes</th><td>10mL and 30mL</td></tr></table>",Good Practice Supply,Diluents & swabs,"diluents-swabs,water,prep,launch-range",FALSE,Volume,10mL,Pack,Each,GPS-DIL-BACTERIOSTATIC-WATER-0101,0,shopify,0,deny,manual,14.50,TRUE,TRUE,https://d8j0ntlcm91z4.cloudfront.net/user_302vtY04kC9nbtUjJJAhLoDVMFw/hf_20260912_014655_90258385-316a-41e3-ad9d-cb1d75f7eda4.png,1,Bacteriostatic water,"Bacteriostatic water for injection, 10mL and 30mL","Bacteriostatic water for injection in 10mL and 30mL multi-dose glass vials, with 0.9% benzyl alcohol. Priced on the page, no account needed.",draft
bacteriostatic-water,,,,,,,Volume,10mL,Pack,Pack of 5,GPS-DIL-BACTERIOSTATIC-WATER-0102,0,shopify,0,deny,manual,68.00,TRUE,TRUE,,,,,,
bacteriostatic-water,,,,,,,Volume,30mL,Pack,Each,GPS-DIL-BACTERIOSTATIC-WATER-0201,0,shopify,0,deny,manual,14.50,TRUE,TRUE,,,,,,
bacteriostatic-water,,,,,,,Volume,30mL,Pack,Pack of 5,GPS-DIL-BACTERIOSTATIC-WATER-0202,0,shopify,0,deny,manual,68.00,TRUE,TRUE,,,,,,
sterile-water-for-injection,Sterile water for injection,"<p>Unpreserved. Use the whole ampoule or discard it, because there is nothing in it holding back growth.</p><h2>Preservative free, single use</h2><p>Water for injection with nothing added. No preservative, which means no benzyl alcohol, which means the ampoule is single use: once it is open there is nothing in it suppressing bacterial growth, so what is left over gets discarded rather than kept.</p><p>That is the difference between this and bacteriostatic water, and it is the only difference that matters. Which one you need is a question for your prescriber.</p><h2>Plastic ampoule rather than glass</h2><p>A plastic ampoule twists open rather than snapping, so there is no glass to break off and no filter needed to draw past shards. It is the safer format for anyone doing this at a kitchen bench rather than at a bench with a sharps bin under it.</p><h2>Specifications</h2><table><tr><th>Preservative</th><td>None</td></tr><tr><th>Format</th><td>Plastic ampoule, twist open</td></tr><tr><th>Grade</th><td>Water for injection BP</td></tr><tr><th>Use</th><td>Single use</td></tr></table>",Good Practice Supply,Diluents & swabs,"diluents-swabs,water,prep,launch-range",FALSE,Volume,10mL ampoule,Pack,Box of 50,GPS-DIL-STERILE-WATER-FOR-INJECTION-0101,0,shopify,0,deny,manual,39.00,TRUE,TRUE,https://d8j0ntlcm91z4.cloudfront.net/user_302vtY04kC9nbtUjJJAhLoDVMFw/hf_20260912_014655_90258385-316a-41e3-ad9d-cb1d75f7eda4.png,1,Sterile water for injection,"Sterile water for injection, 10mL plastic ampoule","Preservative-free sterile water for injection, 10mL plastic ampoule, box of 20 to 50. Priced on the page, no account needed, dispatched from Sydney.",draft
sterile-water-for-injection,,,,,,,Volume,10mL ampoule,Pack,Box of 100,GPS-DIL-STERILE-WATER-FOR-INJECTION-0102,0,shopify,0,deny,manual,72.00,TRUE,TRUE,,,,,,
sterile-water-for-injection,,,,,,,Volume,20mL ampoule,Pack,Box of 50,GPS-DIL-STERILE-WATER-FOR-INJECTION-0201,0,shopify,0,deny,manual,39.00,TRUE,TRUE,,,,,,
sterile-water-for-injection,,,,,,,Volume,20mL ampoule,Pack,Box of 100,GPS-DIL-STERILE-WATER-FOR-INJECTION-0202,0,shopify,0,deny,manual,72.00,TRUE,TRUE,,,,,,
chlorhexidine-skin-prep,Chlorhexidine skin prep,"<p>The combination used before anything invasive. Let it dry, which is the step everyone skips and the step that does the work.</p><h2>Chlorhexidine in alcohol</h2><p>Two antiseptics doing two different jobs in the same applicator. The alcohol acts fast and evaporates. The chlorhexidine keeps working after it has dried, which is why the combination is used where the site needs to stay clean for longer than the few seconds an alcohol swab covers.</p><p>It has to dry to work. Rushing the needle in while the site is still wet defeats both halves of it, and stings.</p><h2>Swabstick or applicator</h2><p>Swabsticks come in a sachet and suit a small site. A single use applicator holds more solution and is the better choice for a larger field where you want one pass rather than three.</p><h2>Specifications</h2><table><tr><th>Chlorhexidine</th><td>0.5% to 2% w/v</td></tr><tr><th>Alcohol</th><td>70% v/v</td></tr><tr><th>Format</th><td>Swabstick or single use applicator</td></tr></table>",Good Practice Supply,Diluents & swabs,"diluents-swabs,antiseptic,prep,launch-range",FALSE,Format,Swabsticks,Pack,Box of 25,GPS-DIL-CHLORHEXIDINE-SKIN-PREP-0101,0,shopify,0,deny,manual,49.00,TRUE,TRUE,https://d8j0ntlcm91z4.cloudfront.net/user_302vtY04kC9nbtUjJJAhLoDVMFw/hf_20260912_014655_90258385-316a-41e3-ad9d-cb1d75f7eda4.png,1,Chlorhexidine skin prep,"Chlorhexidine skin prep, 0.5% to 2% in 70% alcohol","Chlorhexidine gluconate 0.5% to 2% in 70% alcohol, as swabsticks or a single-use applicator. Box of 30 to 100, priced on the page.",draft
chlorhexidine-skin-prep,,,,,,,Format,Swabsticks,Pack,Each,GPS-DIL-CHLORHEXIDINE-SKIN-PREP-0102,0,shopify,0,deny,manual,16.90,TRUE,TRUE,,,,,,
chlorhexidine-skin-prep,,,,,,,Format,Applicator wand,Pack,Box of 25,GPS-DIL-CHLORHEXIDINE-SKIN-PREP-0201,0,shopify,0,deny,manual,49.00,TRUE,TRUE,,,,,,
chlorhexidine-skin-prep,,,,,,,Format,Applicator wand,Pack,Each,GPS-DIL-CHLORHEXIDINE-SKIN-PREP-0202,0,shopify,0,deny,manual,16.90,TRUE,TRUE,,,,,,
chlorhexidine-skin-prep,,,,,,,Format,500mL bottle,Pack,Box of 25,GPS-DIL-CHLORHEXIDINE-SKIN-PREP-0301,0,shopify,0,deny,manual,49.00,TRUE,TRUE,,,,,,
chlorhexidine-skin-prep,,,,,,,Format,500mL bottle,Pack,Each,GPS-DIL-CHLORHEXIDINE-SKIN-PREP-0302,0,shopify,0,deny,manual,16.90,TRUE,TRUE,,,,,,
povidone-iodine-swabsticks,Povidone iodine swabsticks,"<p>Where chlorhexidine is contraindicated or unavailable. Stains, which is occasionally useful for seeing what you have covered.</p><h2>About povidone iodine swabsticks</h2><p>Where chlorhexidine is contraindicated or unavailable. Stains, which is occasionally useful for seeing what you have covered.</p><h2>Choosing between the options</h2><p>There are 2 to choose from: Triple stick and Single stick.</p><p>Triple stick: .</p><p>Single stick: .</p><h2>Pack sizes</h2><p>Available as box of 50 and box of 200. The larger packs work out cheaper per unit, and the price for every one of them is on this page rather than behind a login.</p><h2>Specifications</h2><table><tr><th>Iodine</th><td>10% w/v</td></tr><tr><th>Format</th><td>Swabstick</td></tr></table>",Good Practice Supply,Diluents & swabs,"diluents-swabs,antiseptic,prep,launch-range",FALSE,Format,Triple stick,Pack,Box of 50,GPS-DIL-POVIDONE-IODINE-SWABSTICKS-0101,0,shopify,0,deny,manual,24.50,TRUE,TRUE,https://d8j0ntlcm91z4.cloudfront.net/user_302vtY04kC9nbtUjJJAhLoDVMFw/hf_20260912_014655_90258385-316a-41e3-ad9d-cb1d75f7eda4.png,1,Povidone iodine swabsticks,"Povidone iodine swabsticks, 10% solution","Povidone iodine swabsticks: 10% solution, triple stick. Available as box of 50 and box of 200. Priced on the page, no account needed, dispatched from Sydney.",draft
povidone-iodine-swabsticks,,,,,,,Format,Triple stick,Pack,Box of 200,GPS-DIL-POVIDONE-IODINE-SWABSTICKS-0102,0,shopify,0,deny,manual,82.00,TRUE,TRUE,,,,,,
povidone-iodine-swabsticks,,,,,,,Format,Single stick,Pack,Box of 50,GPS-DIL-POVIDONE-IODINE-SWABSTICKS-0201,0,shopify,0,deny,manual,24.50,TRUE,TRUE,,,,,,
povidone-iodine-swabsticks,,,,,,,Format,Single stick,Pack,Box of 200,GPS-DIL-POVIDONE-IODINE-SWABSTICKS-0202,0,shopify,0,deny,manual,82.00,TRUE,TRUE,,,,,,
sodium-chloride-sachets,Sodium chloride sachets,"<p>Single use, so what you clean with is never the variable. A big bottle is contaminated the minute it is opened.</p><h2>About sodium chloride sachets</h2><p>Single use, so what you clean with is never the variable. A big bottle is contaminated the minute it is opened.</p><h2>Choosing between the options</h2><p>There are 2 to choose from: 30mL and 20mL.</p><p>30mL: .</p><p>20mL: .</p><h2>Pack sizes</h2><p>Available as box of 50 and carton of 10 boxes. The larger packs work out cheaper per unit, and the price for every one of them is on this page rather than behind a login.</p><h2>Specifications</h2><table><tr><th>Concentration</th><td>0.9% w/v</td></tr><tr><th>Use</th><td>Single use</td></tr></table>",Good Practice Supply,Diluents & swabs,"diluents-swabs,water,prep,launch-range",FALSE,Volume,30mL,Pack,Box of 50,GPS-DIL-SODIUM-CHLORIDE-SACHETS-0101,0,shopify,0,deny,manual,18.90,TRUE,TRUE,https://d8j0ntlcm91z4.cloudfront.net/user_302vtY04kC9nbtUjJJAhLoDVMFw/hf_20260912_014655_90258385-316a-41e3-ad9d-cb1d75f7eda4.png,1,Sodium chloride sachets,"Sodium chloride sachets, 0.9%","Sodium chloride sachets: 0.9%, 30mL single use. Available as box of 50 and carton of 10 boxes. Priced on the page, no account needed, dispatched from Sydney.",draft
sodium-chloride-sachets,,,,,,,Volume,30mL,Pack,Carton of 10 boxes,GPS-DIL-SODIUM-CHLORIDE-SACHETS-0102,0,shopify,0,deny,manual,165.00,TRUE,TRUE,,,,,,
sodium-chloride-sachets,,,,,,,Volume,20mL,Pack,Box of 50,GPS-DIL-SODIUM-CHLORIDE-SACHETS-0201,0,shopify,0,deny,manual,18.90,TRUE,TRUE,,,,,,
sodium-chloride-sachets,,,,,,,Volume,20mL,Pack,Carton of 10 boxes,GPS-DIL-SODIUM-CHLORIDE-SACHETS-0202,0,shopify,0,deny,manual,165.00,TRUE,TRUE,,,,,,
cotton-wool-balls,Cotton wool balls,"<p>Plain cotton wool, in a bag rather than a jar, for pressure after a needle and for prep where a swab is more than you need. Bulk is the only sensible way to buy these.</p><h2>What they are for</h2><p>Pressure after a needle comes out, and prep where a saturated alcohol swab is more than the job needs. Plain cotton, nothing added, non-sterile.</p><p>Bulk is the only sensible way to buy these. A jar of fifty from a supermarket costs several times what the same cotton costs in a bag, and a bag lasts a clinic a month.</p><h2>Specifications</h2><table><tr><th>Material</th><td>100% bleached cotton</td></tr><tr><th>Sterility</th><td>Non-sterile</td></tr><tr><th>Use</th><td>Prep and pressure</td></tr></table>",Good Practice Supply,Diluents & swabs,"diluents-swabs,cotton,cotton,launch-range",FALSE,Format,"Balls, medium",Pack,Bag of 500,GPS-DIL-COTTON-WOOL-BALLS-0101,0,shopify,0,deny,manual,8.90,TRUE,TRUE,https://d8j0ntlcm91z4.cloudfront.net/user_302vtY04kC9nbtUjJJAhLoDVMFw/hf_20260915_111902_1adc5949-ff18-47c2-a576-2cfb89e269e1.png,1,Cotton wool balls,"Cotton wool balls, 100% cotton, bulk bag","Plain 100% cotton wool balls in bulk bags of 500 and 1000, plus tipped applicators. Priced on the page, no account needed.",draft
cotton-wool-balls,,,,,,,Format,"Balls, medium",Pack,Bag of 1000,GPS-DIL-COTTON-WOOL-BALLS-0102,0,shopify,0,deny,manual,15.40,TRUE,TRUE,,,,,,
cotton-wool-balls,,,,,,,Format,"Balls, medium",Pack,Carton of 5000,GPS-DIL-COTTON-WOOL-BALLS-0103,0,shopify,0,deny,manual,69.00,TRUE,TRUE,,,,,,
cotton-wool-balls,,,,,,,Format,"Balls, large",Pack,Bag of 500,GPS-DIL-COTTON-WOOL-BALLS-0201,0,shopify,0,deny,manual,8.90,TRUE,TRUE,,,,,,
cotton-wool-balls,,,,,,,Format,"Balls, large",Pack,Bag of 1000,GPS-DIL-COTTON-WOOL-BALLS-0202,0,shopify,0,deny,manual,15.40,TRUE,TRUE,,,,,,
cotton-wool-balls,,,,,,,Format,"Balls, large",Pack,Carton of 5000,GPS-DIL-COTTON-WOOL-BALLS-0203,0,shopify,0,deny,manual,69.00,TRUE,TRUE,,,,,,
cotton-wool-balls,,,,,,,Format,Tipped applicators,Pack,Bag of 500,GPS-DIL-COTTON-WOOL-BALLS-0301,0,shopify,0,deny,manual,8.90,TRUE,TRUE,,,,,,
cotton-wool-balls,,,,,,,Format,Tipped applicators,Pack,Bag of 1000,GPS-DIL-COTTON-WOOL-BALLS-0302,0,shopify,0,deny,manual,15.40,TRUE,TRUE,,,,,,
cotton-wool-balls,,,,,,,Format,Tipped applicators,Pack,Carton of 5000,GPS-DIL-COTTON-WOOL-BALLS-0303,0,shopify,0,deny,manual,69.00,TRUE,TRUE,,,,,,
non-adherent-dressings,Non-adherent dressings,"<p>Lifts off without pulling the wound bed apart. The single biggest difference between a clinic dressing and a chemist one.</p><h2>About non-adherent dressings</h2><p>Lifts off without pulling the wound bed apart. The single biggest difference between a clinic dressing and a chemist one.</p><p>Supplied individually sealed.</p><h2>Choosing between the options</h2><p>There are 3 to choose from: 5 × 5cm, 7.5 × 10cm and 10 × 20cm.</p><p>5 × 5cm: .</p><p>7.5 × 10cm: .</p><p>10 × 20cm: .</p><h2>Pack sizes</h2><p>Available as box of 50 and box of 100. The larger packs work out cheaper per unit, and the price for every one of them is on this page rather than behind a login.</p><h2>Specifications</h2><table><tr><th>Layer</th><td>Low adherent</td></tr><tr><th>Sterility</th><td>Individually sealed</td></tr></table>",Good Practice Supply,Wound care,"wound-care,dressings,wound,launch-range",FALSE,Size,5 × 5cm,Pack,Box of 50,GPS-WOU-NON-ADHERENT-DRESSINGS-0101,0,shopify,0,deny,manual,26.50,TRUE,TRUE,https://d8j0ntlcm91z4.cloudfront.net/user_302vtY04kC9nbtUjJJAhLoDVMFw/hf_20260912_014655_fc63b5f4-f8cb-41c5-9e1d-bb51f3eb6a8a.png,1,Non-adherent dressings,"Non-adherent dressings, low adherent contact layer","Non-adherent dressings: Low adherent contact layer. Available as box of 50 and box of 100. Priced on the page, no account needed, dispatched from Sydney.",draft
non-adherent-dressings,,,,,,,Size,5 × 5cm,Pack,Box of 100,GPS-WOU-NON-ADHERENT-DRESSINGS-0102,0,shopify,0,deny,manual,49.00,TRUE,TRUE,,,,,,
non-adherent-dressings,,,,,,,Size,7.5 × 10cm,Pack,Box of 50,GPS-WOU-NON-ADHERENT-DRESSINGS-0201,0,shopify,0,deny,manual,26.50,TRUE,TRUE,,,,,,
non-adherent-dressings,,,,,,,Size,7.5 × 10cm,Pack,Box of 100,GPS-WOU-NON-ADHERENT-DRESSINGS-0202,0,shopify,0,deny,manual,49.00,TRUE,TRUE,,,,,,
non-adherent-dressings,,,,,,,Size,10 × 20cm,Pack,Box of 50,GPS-WOU-NON-ADHERENT-DRESSINGS-0301,0,shopify,0,deny,manual,26.50,TRUE,TRUE,,,,,,
non-adherent-dressings,,,,,,,Size,10 × 20cm,Pack,Box of 100,GPS-WOU-NON-ADHERENT-DRESSINGS-0302,0,shopify,0,deny,manual,49.00,TRUE,TRUE,,,,,,
sterile-gauze-swabs,Sterile gauze swabs,"<p>For cleaning and for padding under a dressing. Individually sealed, so opening one does not commit the rest.</p><h2>About sterile gauze swabs</h2><p>For cleaning and for padding under a dressing. Individually sealed, so opening one does not commit the rest.</p><p>Supplied en 556.</p><h2>Choosing between the options</h2><p>There are 3 to choose from: 5 × 5cm, 7.5 × 7.5cm and 10 × 10cm.</p><p>5 × 5cm: .</p><p>7.5 × 7.5cm: .</p><p>10 × 10cm: .</p><h2>Pack sizes</h2><p>Available as box of 100 and carton of 10 boxes. The larger packs work out cheaper per unit, and the price for every one of them is on this page rather than behind a login.</p><h2>Specifications</h2><table><tr><th>Ply</th><td>8</td></tr><tr><th>Sterility</th><td>EN 556</td></tr></table>",Good Practice Supply,Wound care,"wound-care,gauze,wound,launch-range",FALSE,Size,5 × 5cm,Pack,Box of 100,GPS-WOU-STERILE-GAUZE-SWABS-0101,0,shopify,0,deny,manual,14.50,TRUE,TRUE,https://d8j0ntlcm91z4.cloudfront.net/user_302vtY04kC9nbtUjJJAhLoDVMFw/hf_20260912_014655_fc63b5f4-f8cb-41c5-9e1d-bb51f3eb6a8a.png,1,Sterile gauze swabs,"Sterile gauze swabs, 8 ply","Sterile gauze swabs: 8 ply, individually sealed. Available as box of 100 and carton of 10 boxes. Priced on the page, no account needed, dispatched from.",draft
sterile-gauze-swabs,,,,,,,Size,5 × 5cm,Pack,Carton of 10 boxes,GPS-WOU-STERILE-GAUZE-SWABS-0102,0,shopify,0,deny,manual,129.00,TRUE,TRUE,,,,,,
sterile-gauze-swabs,,,,,,,Size,7.5 × 7.5cm,Pack,Box of 100,GPS-WOU-STERILE-GAUZE-SWABS-0201,0,shopify,0,deny,manual,14.50,TRUE,TRUE,,,,,,
sterile-gauze-swabs,,,,,,,Size,7.5 × 7.5cm,Pack,Carton of 10 boxes,GPS-WOU-STERILE-GAUZE-SWABS-0202,0,shopify,0,deny,manual,129.00,TRUE,TRUE,,,,,,
sterile-gauze-swabs,,,,,,,Size,10 × 10cm,Pack,Box of 100,GPS-WOU-STERILE-GAUZE-SWABS-0301,0,shopify,0,deny,manual,14.50,TRUE,TRUE,,,,,,
sterile-gauze-swabs,,,,,,,Size,10 × 10cm,Pack,Carton of 10 boxes,GPS-WOU-STERILE-GAUZE-SWABS-0302,0,shopify,0,deny,manual,129.00,TRUE,TRUE,,,,,,
fixation-tape,Fixation tape,"<p>Holds a dressing without taking skin off on removal, and tears cleanly across so you are not hunting for scissors.</p><h2>About fixation tape</h2><p>Holds a dressing without taking skin off on removal, and tears cleanly across so you are not hunting for scissors.</p><p>The adhesive is hypoallergenic.</p><h2>Choosing between the options</h2><p>There are 3 to choose from: 2.5cm, 5cm and 7.5cm.</p><p>2.5cm: .</p><p>5cm: .</p><p>7.5cm: .</p><h2>Pack sizes</h2><p>Available as roll and box of 12 rolls. The larger packs work out cheaper per unit, and the price for every one of them is on this page rather than behind a login.</p><h2>Specifications</h2><table><tr><th>Backing</th><td>Non woven</td></tr><tr><th>Adhesive</th><td>Hypoallergenic</td></tr></table>",Good Practice Supply,Wound care,"wound-care,tape,wound,launch-range",FALSE,Size,2.5cm,Pack,Roll,GPS-WOU-FIXATION-TAPE-0101,0,shopify,0,deny,manual,6.90,TRUE,TRUE,https://d8j0ntlcm91z4.cloudfront.net/user_302vtY04kC9nbtUjJJAhLoDVMFw/hf_20260912_014655_fc63b5f4-f8cb-41c5-9e1d-bb51f3eb6a8a.png,1,Fixation tape,"Fixation tape, hypoallergenic","Fixation tape: Hypoallergenic, tears by hand. Available as roll and box of 12 rolls. Priced on the page, no account needed, dispatched from Sydney.",draft
fixation-tape,,,,,,,Size,2.5cm,Pack,Box of 12 rolls,GPS-WOU-FIXATION-TAPE-0102,0,shopify,0,deny,manual,72.00,TRUE,TRUE,,,,,,
fixation-tape,,,,,,,Size,5cm,Pack,Roll,GPS-WOU-FIXATION-TAPE-0201,0,shopify,0,deny,manual,6.90,TRUE,TRUE,,,,,,
fixation-tape,,,,,,,Size,5cm,Pack,Box of 12 rolls,GPS-WOU-FIXATION-TAPE-0202,0,shopify,0,deny,manual,72.00,TRUE,TRUE,,,,,,
fixation-tape,,,,,,,Size,7.5cm,Pack,Roll,GPS-WOU-FIXATION-TAPE-0301,0,shopify,0,deny,manual,6.90,TRUE,TRUE,,,,,,
fixation-tape,,,,,,,Size,7.5cm,Pack,Box of 12 rolls,GPS-WOU-FIXATION-TAPE-0302,0,shopify,0,deny,manual,72.00,TRUE,TRUE,,,,,,
conforming-bandages,Conforming bandages,"<p>Follows a limb rather than fighting it. Self adherent, so it holds without clips.</p><h2>About conforming bandages</h2><p>Follows a limb rather than fighting it. Self adherent, so it holds without clips.</p><h2>Choosing between the options</h2><p>There are 3 to choose from: 5cm, 7.5cm and 10cm.</p><p>5cm: .</p><p>7.5cm: .</p><p>10cm: .</p><h2>Pack sizes</h2><p>Available as pack of 12 and carton of 6 packs. The larger packs work out cheaper per unit, and the price for every one of them is on this page rather than behind a login.</p><h2>Specifications</h2><table><tr><th>Stretch</th><td>Conforming</td></tr><tr><th>Fastening</th><td>Self adherent</td></tr></table>",Good Practice Supply,Wound care,"wound-care,tape,wound,launch-range",FALSE,Size,5cm,Pack,Pack of 12,GPS-WOU-CONFORMING-BANDAGES-0101,0,shopify,0,deny,manual,21.90,TRUE,TRUE,https://d8j0ntlcm91z4.cloudfront.net/user_302vtY04kC9nbtUjJJAhLoDVMFw/hf_20260912_014655_fc63b5f4-f8cb-41c5-9e1d-bb51f3eb6a8a.png,1,Conforming bandages,"Conforming bandages, stretch","Conforming bandages: Stretch, self adherent. Available as pack of 12 and carton of 6 packs. Priced on the page, no account needed, dispatched from Sydney.",draft
conforming-bandages,,,,,,,Size,5cm,Pack,Carton of 6 packs,GPS-WOU-CONFORMING-BANDAGES-0102,0,shopify,0,deny,manual,114.00,TRUE,TRUE,,,,,,
conforming-bandages,,,,,,,Size,7.5cm,Pack,Pack of 12,GPS-WOU-CONFORMING-BANDAGES-0201,0,shopify,0,deny,manual,21.90,TRUE,TRUE,,,,,,
conforming-bandages,,,,,,,Size,7.5cm,Pack,Carton of 6 packs,GPS-WOU-CONFORMING-BANDAGES-0202,0,shopify,0,deny,manual,114.00,TRUE,TRUE,,,,,,
conforming-bandages,,,,,,,Size,10cm,Pack,Pack of 12,GPS-WOU-CONFORMING-BANDAGES-0301,0,shopify,0,deny,manual,21.90,TRUE,TRUE,,,,,,
conforming-bandages,,,,,,,Size,10cm,Pack,Carton of 6 packs,GPS-WOU-CONFORMING-BANDAGES-0302,0,shopify,0,deny,manual,114.00,TRUE,TRUE,,,,,,
island-dressings,Island dressings,"<p>Pad and border in one, for a wound that needs covering rather than packing. Waterproof options for showering.</p><h2>About island dressings</h2><p>Pad and border in one, for a wound that needs covering rather than packing. Waterproof options for showering.</p><h2>Choosing between the options</h2><p>There are 3 to choose from: 6 × 7cm, 10 × 8cm and 10 × 15cm.</p><p>6 × 7cm: .</p><p>10 × 8cm: .</p><p>10 × 15cm: .</p><h2>Pack sizes</h2><p>Available as box of 50 and box of 100. The larger packs work out cheaper per unit, and the price for every one of them is on this page rather than behind a login.</p><h2>Specifications</h2><table><tr><th>Border</th><td>Adhesive</td></tr><tr><th>Pad</th><td>Absorbent, low adherent</td></tr></table>",Good Practice Supply,Wound care,"wound-care,dressings,wound,launch-range",FALSE,Size,6 × 7cm,Pack,Box of 50,GPS-WOU-ISLAND-DRESSINGS-0101,0,shopify,0,deny,manual,32.90,TRUE,TRUE,https://d8j0ntlcm91z4.cloudfront.net/user_302vtY04kC9nbtUjJJAhLoDVMFw/hf_20260912_014655_fc63b5f4-f8cb-41c5-9e1d-bb51f3eb6a8a.png,1,Island dressings,"Island dressings, absorbent pad","Island dressings: Absorbent pad, adhesive border. Available as box of 50 and box of 100. Priced on the page, no account needed, dispatched from Sydney.",draft
island-dressings,,,,,,,Size,6 × 7cm,Pack,Box of 100,GPS-WOU-ISLAND-DRESSINGS-0102,0,shopify,0,deny,manual,61.00,TRUE,TRUE,,,,,,
island-dressings,,,,,,,Size,10 × 8cm,Pack,Box of 50,GPS-WOU-ISLAND-DRESSINGS-0201,0,shopify,0,deny,manual,32.90,TRUE,TRUE,,,,,,
island-dressings,,,,,,,Size,10 × 8cm,Pack,Box of 100,GPS-WOU-ISLAND-DRESSINGS-0202,0,shopify,0,deny,manual,61.00,TRUE,TRUE,,,,,,
island-dressings,,,,,,,Size,10 × 15cm,Pack,Box of 50,GPS-WOU-ISLAND-DRESSINGS-0301,0,shopify,0,deny,manual,32.90,TRUE,TRUE,,,,,,
island-dressings,,,,,,,Size,10 × 15cm,Pack,Box of 100,GPS-WOU-ISLAND-DRESSINGS-0302,0,shopify,0,deny,manual,61.00,TRUE,TRUE,,,,,,
first-aid-kit-workplace,"First aid kit, workplace","<p>Compliant contents in a case you can actually restock line by line rather than replacing whole.</p><h2>About first aid kit, workplace</h2><p>Compliant contents in a case you can actually restock line by line rather than replacing whole.</p><h2>Choosing between the options</h2><p>There are 2 to choose from: 1 to 25 people and 26 to 100 people.</p><p>1 to 25 people: .</p><p>26 to 100 people: .</p><h2>Pack sizes</h2><p>Available as each and refill pack. The larger packs work out cheaper per unit, and the price for every one of them is on this page rather than behind a login.</p><h2>Specifications</h2><table><tr><th>Mounting</th><td>Wall bracket</td></tr><tr><th>Contents</th><td>Itemised list included</td></tr></table>",Good Practice Supply,Wound care,"wound-care,firstaid,wound,launch-range",FALSE,Workplace size,1 to 25 people,Pack,Each,GPS-WOU-FIRST-AID-KIT-WORKPLACE-0101,0,shopify,0,deny,manual,89.00,TRUE,TRUE,https://d8j0ntlcm91z4.cloudfront.net/user_302vtY04kC9nbtUjJJAhLoDVMFw/hf_20260912_014655_fc63b5f4-f8cb-41c5-9e1d-bb51f3eb6a8a.png,1,"First aid kit, workplace","First aid kit, workplace, wall mounted","First aid kit, workplace: Wall mounted, restockable. Available as each and refill pack. Priced on the page, no account needed, dispatched from Sydney.",draft
first-aid-kit-workplace,,,,,,,Workplace size,1 to 25 people,Pack,Refill pack,GPS-WOU-FIRST-AID-KIT-WORKPLACE-0102,0,shopify,0,deny,manual,34.00,TRUE,TRUE,,,,,,
first-aid-kit-workplace,,,,,,,Workplace size,26 to 100 people,Pack,Each,GPS-WOU-FIRST-AID-KIT-WORKPLACE-0201,0,shopify,0,deny,manual,89.00,TRUE,TRUE,,,,,,
first-aid-kit-workplace,,,,,,,Workplace size,26 to 100 people,Pack,Refill pack,GPS-WOU-FIRST-AID-KIT-WORKPLACE-0202,0,shopify,0,deny,manual,34.00,TRUE,TRUE,,,,,,
adhesive-plasters,Adhesive plasters,"<p>The box you actually run out of. Assorted sizes in both plastic and fabric, because the plastic ones stay put in water and the fabric ones flex over a knuckle. Latex free adhesive.</p><h2>Plastic, fabric and blue</h2><p>Plastic plasters stay put in water and are the right choice for hands that get washed. Fabric plasters flex, so they survive a knuckle or an elbow that a plastic one peels straight off.</p><p>Blue detectable plasters exist because a plaster that comes off in food needs to be findable, by eye and by a metal detector. They belong in any kitchen first aid kit and nowhere else.</p><h2>Buying them</h2><p>Assorted rather than a single size, because the one you need is always the one the box has run out of. Latex free adhesive throughout, which matters more than it sounds: plaster adhesive is a common contact allergy.</p><h2>Specifications</h2><table><tr><th>Adhesive</th><td>Latex free acrylic</td></tr><tr><th>Pad</th><td>Low adherent</td></tr><tr><th>Sterility</th><td>Individually wrapped, sterile</td></tr></table>",Good Practice Supply,Wound care,"wound-care,plasters,plasters,launch-range",FALSE,Backing,"Plastic, assorted",Pack,Box of 100,GPS-WOU-ADHESIVE-PLASTERS-0101,0,shopify,0,deny,manual,12.90,TRUE,TRUE,https://d8j0ntlcm91z4.cloudfront.net/user_302vtY04kC9nbtUjJJAhLoDVMFw/hf_20260915_112445_a17e73ef-2587-4d63-b396-e5482f228145.png,1,Adhesive plasters,"Adhesive plasters, plastic and fabric, box of 100","Assorted adhesive plasters in plastic and fabric, latex free adhesive, sterile and individually wrapped. Box of 100, priced on the page.",draft
adhesive-plasters,,,,,,,Backing,"Plastic, assorted",Pack,Box of 250,GPS-WOU-ADHESIVE-PLASTERS-0102,0,shopify,0,deny,manual,28.40,TRUE,TRUE,,,,,,
adhesive-plasters,,,,,,,Backing,"Plastic, assorted",Pack,Carton of 1000,GPS-WOU-ADHESIVE-PLASTERS-0103,0,shopify,0,deny,manual,99.00,TRUE,TRUE,,,,,,
adhesive-plasters,,,,,,,Backing,"Fabric, assorted",Pack,Box of 100,GPS-WOU-ADHESIVE-PLASTERS-0201,0,shopify,0,deny,manual,12.90,TRUE,TRUE,,,,,,
adhesive-plasters,,,,,,,Backing,"Fabric, assorted",Pack,Box of 250,GPS-WOU-ADHESIVE-PLASTERS-0202,0,shopify,0,deny,manual,28.40,TRUE,TRUE,,,,,,
adhesive-plasters,,,,,,,Backing,"Fabric, assorted",Pack,Carton of 1000,GPS-WOU-ADHESIVE-PLASTERS-0203,0,shopify,0,deny,manual,99.00,TRUE,TRUE,,,,,,
adhesive-plasters,,,,,,,Backing,Blue detectable,Pack,Box of 100,GPS-WOU-ADHESIVE-PLASTERS-0301,0,shopify,0,deny,manual,12.90,TRUE,TRUE,,,,,,
adhesive-plasters,,,,,,,Backing,Blue detectable,Pack,Box of 250,GPS-WOU-ADHESIVE-PLASTERS-0302,0,shopify,0,deny,manual,28.40,TRUE,TRUE,,,,,,
adhesive-plasters,,,,,,,Backing,Blue detectable,Pack,Carton of 1000,GPS-WOU-ADHESIVE-PLASTERS-0303,0,shopify,0,deny,manual,99.00,TRUE,TRUE,,,,,,
crepe-bandages,Crepe bandages,"<p>Light support and holding a dressing down. Cotton crepe stretches in one direction and relaxes as it warms, which is why it needs checking rather than pulling tight once.</p><h2>About crepe bandages</h2><p>Light support and holding a dressing down. Cotton crepe stretches in one direction and relaxes as it warms, which is why it needs checking rather than pulling tight once.</p><p>The material is cotton crepe.</p><p>Supplied non-sterile.</p><h2>Choosing between the options</h2><p>There are 4 to choose from: 5cm, 7.5cm, 10cm and 15cm.</p><p>5cm: fingers and wrists.</p><p>7.5cm: forearm and ankle.</p><p>10cm: knee and calf.</p><p>15cm: thigh and torso.</p><h2>Pack sizes</h2><p>Available as each, box of 12 and carton of 72. The larger packs work out cheaper per unit, and the price for every one of them is on this page rather than behind a login.</p><h2>Specifications</h2><table><tr><th>Material</th><td>Cotton crepe</td></tr><tr><th>Stretch</th><td>Single direction</td></tr><tr><th>Sterility</th><td>Non-sterile</td></tr></table>",Good Practice Supply,Wound care,"wound-care,bandages,bandage,launch-range",FALSE,Size,5cm,Pack,Each,GPS-WOU-CREPE-BANDAGES-0101,0,shopify,0,deny,manual,3.40,TRUE,TRUE,https://d8j0ntlcm91z4.cloudfront.net/user_302vtY04kC9nbtUjJJAhLoDVMFw/hf_20260915_111902_73529e6d-85a5-4ad0-b520-6895ba5d18d8.png,1,Crepe bandages,"Crepe bandages, cotton crepe","Crepe bandages: Cotton crepe, 5 to 15cm. Available as each, box of 12 and carton of 72. Priced on the page, no account needed, dispatched from Sydney.",draft
crepe-bandages,,,,,,,Size,5cm,Pack,Box of 12,GPS-WOU-CREPE-BANDAGES-0102,0,shopify,0,deny,manual,36.60,TRUE,TRUE,,,,,,
crepe-bandages,,,,,,,Size,5cm,Pack,Carton of 72,GPS-WOU-CREPE-BANDAGES-0103,0,shopify,0,deny,manual,198.00,TRUE,TRUE,,,,,,
crepe-bandages,,,,,,,Size,7.5cm,Pack,Each,GPS-WOU-CREPE-BANDAGES-0201,0,shopify,0,deny,manual,3.40,TRUE,TRUE,,,,,,
crepe-bandages,,,,,,,Size,7.5cm,Pack,Box of 12,GPS-WOU-CREPE-BANDAGES-0202,0,shopify,0,deny,manual,36.60,TRUE,TRUE,,,,,,
crepe-bandages,,,,,,,Size,7.5cm,Pack,Carton of 72,GPS-WOU-CREPE-BANDAGES-0203,0,shopify,0,deny,manual,198.00,TRUE,TRUE,,,,,,
crepe-bandages,,,,,,,Size,10cm,Pack,Each,GPS-WOU-CREPE-BANDAGES-0301,0,shopify,0,deny,manual,3.40,TRUE,TRUE,,,,,,
crepe-bandages,,,,,,,Size,10cm,Pack,Box of 12,GPS-WOU-CREPE-BANDAGES-0302,0,shopify,0,deny,manual,36.60,TRUE,TRUE,,,,,,
crepe-bandages,,,,,,,Size,10cm,Pack,Carton of 72,GPS-WOU-CREPE-BANDAGES-0303,0,shopify,0,deny,manual,198.00,TRUE,TRUE,,,,,,
crepe-bandages,,,,,,,Size,15cm,Pack,Each,GPS-WOU-CREPE-BANDAGES-0401,0,shopify,0,deny,manual,3.40,TRUE,TRUE,,,,,,
crepe-bandages,,,,,,,Size,15cm,Pack,Box of 12,GPS-WOU-CREPE-BANDAGES-0402,0,shopify,0,deny,manual,36.60,TRUE,TRUE,,,,,,
crepe-bandages,,,,,,,Size,15cm,Pack,Carton of 72,GPS-WOU-CREPE-BANDAGES-0403,0,shopify,0,deny,manual,198.00,TRUE,TRUE,,,,,,
cohesive-bandage,Cohesive bandage,"<p>Sticks to itself and to nothing else, so it holds without tape and comes off without taking hair with it. The one to reach for over a dressing on an awkward shape.</p><h2>About cohesive bandage</h2><p>Sticks to itself and to nothing else, so it holds without tape and comes off without taking hair with it. The one to reach for over a dressing on an awkward shape.</p><p>The material is latex free cohesive.</p><h2>Choosing between the options</h2><p>There are 3 to choose from: 2.5cm, 5cm and 7.5cm.</p><p>2.5cm: fingers.</p><p>5cm: the common one.</p><p>7.5cm: limbs.</p><h2>Pack sizes</h2><p>Available as box of 12, box of 24 and carton of 96. The larger packs work out cheaper per unit, and the price for every one of them is on this page rather than behind a login.</p><h2>Specifications</h2><table><tr><th>Material</th><td>Latex free cohesive</td></tr><tr><th>Length</th><td>4.5m stretched</td></tr><tr><th>Fixation</th><td>Self adherent, no tape</td></tr></table>",Good Practice Supply,Wound care,"wound-care,bandages,bandage,launch-range",FALSE,Size,2.5cm,Pack,Box of 12,GPS-WOU-COHESIVE-BANDAGE-0101,0,shopify,0,deny,manual,22.80,TRUE,TRUE,https://d8j0ntlcm91z4.cloudfront.net/user_302vtY04kC9nbtUjJJAhLoDVMFw/hf_20260915_111902_73529e6d-85a5-4ad0-b520-6895ba5d18d8.png,1,Cohesive bandage,"Cohesive bandage, self adherent","Cohesive bandage: Self adherent, 5cm x 4.5m, latex free. Available as box of 12, box of 24 and carton of 96. Priced on the page, no account needed.",draft
cohesive-bandage,,,,,,,Size,2.5cm,Pack,Box of 24,GPS-WOU-COHESIVE-BANDAGE-0102,0,shopify,0,deny,manual,41.80,TRUE,TRUE,,,,,,
cohesive-bandage,,,,,,,Size,2.5cm,Pack,Carton of 96,GPS-WOU-COHESIVE-BANDAGE-0103,0,shopify,0,deny,manual,156.00,TRUE,TRUE,,,,,,
cohesive-bandage,,,,,,,Size,5cm,Pack,Box of 12,GPS-WOU-COHESIVE-BANDAGE-0201,0,shopify,0,deny,manual,22.80,TRUE,TRUE,,,,,,
cohesive-bandage,,,,,,,Size,5cm,Pack,Box of 24,GPS-WOU-COHESIVE-BANDAGE-0202,0,shopify,0,deny,manual,41.80,TRUE,TRUE,,,,,,
cohesive-bandage,,,,,,,Size,5cm,Pack,Carton of 96,GPS-WOU-COHESIVE-BANDAGE-0203,0,shopify,0,deny,manual,156.00,TRUE,TRUE,,,,,,
cohesive-bandage,,,,,,,Size,7.5cm,Pack,Box of 12,GPS-WOU-COHESIVE-BANDAGE-0301,0,shopify,0,deny,manual,22.80,TRUE,TRUE,,,,,,
cohesive-bandage,,,,,,,Size,7.5cm,Pack,Box of 24,GPS-WOU-COHESIVE-BANDAGE-0302,0,shopify,0,deny,manual,41.80,TRUE,TRUE,,,,,,
cohesive-bandage,,,,,,,Size,7.5cm,Pack,Carton of 96,GPS-WOU-COHESIVE-BANDAGE-0303,0,shopify,0,deny,manual,156.00,TRUE,TRUE,,,,,,
hydrocolloid-foam-dressings,Hydrocolloid and foam dressings,"<p>The dressings that manage moisture rather than just cover. Hydrocolloid for shallow wounds with light exudate, foam where there is more to absorb and the area needs cushioning.</p><h2>About hydrocolloid and foam dressings</h2><p>The dressings that manage moisture rather than just cover. Hydrocolloid for shallow wounds with light exudate, foam where there is more to absorb and the area needs cushioning.</p><p>Supplied sterile, individually pouched.</p><h2>Choosing between the options</h2><p>There are 3 to choose from: Hydrocolloid, 10 x 10cm, Foam, 10 x 10cm and Foam adhesive border.</p><p>Hydrocolloid, 10 x 10cm: shallow, light exudate.</p><p>Foam, 10 x 10cm: more absorbent.</p><p>Foam adhesive border: stays without tape.</p><h2>Pack sizes</h2><p>Available as box of 5, box of 10 and carton of 50. The larger packs work out cheaper per unit, and the price for every one of them is on this page rather than behind a login.</p><h2>Specifications</h2><table><tr><th>Sterility</th><td>Sterile, individually pouched</td></tr><tr><th>Size</th><td>10 x 10cm</td></tr><tr><th>Wear time</th><td>Up to 7 days, per instructions</td></tr></table>",Good Practice Supply,Wound care,"wound-care,dressings,wound,launch-range",FALSE,Size,"Hydrocolloid, 10 x 10cm",Pack,Box of 5,GPS-WOU-HYDROCOLLOID-FOAM-DRESSINGS-0101,0,shopify,0,deny,manual,24.50,TRUE,TRUE,https://d8j0ntlcm91z4.cloudfront.net/user_302vtY04kC9nbtUjJJAhLoDVMFw/hf_20260912_014655_fc63b5f4-f8cb-41c5-9e1d-bb51f3eb6a8a.png,1,Hydrocolloid and foam dressings,"Hydrocolloid and foam dressings, sterile","Hydrocolloid and foam dressings: Sterile, 10 x 10cm. Available as box of 5, box of 10 and carton of 50. Priced on the page, no account needed, dispatched.",draft
hydrocolloid-foam-dressings,,,,,,,Size,"Hydrocolloid, 10 x 10cm",Pack,Box of 10,GPS-WOU-HYDROCOLLOID-FOAM-DRESSINGS-0102,0,shopify,0,deny,manual,45.90,TRUE,TRUE,,,,,,
hydrocolloid-foam-dressings,,,,,,,Size,"Hydrocolloid, 10 x 10cm",Pack,Carton of 50,GPS-WOU-HYDROCOLLOID-FOAM-DRESSINGS-0103,0,shopify,0,deny,manual,209.00,TRUE,TRUE,,,,,,
hydrocolloid-foam-dressings,,,,,,,Size,"Foam, 10 x 10cm",Pack,Box of 5,GPS-WOU-HYDROCOLLOID-FOAM-DRESSINGS-0201,0,shopify,0,deny,manual,24.50,TRUE,TRUE,,,,,,
hydrocolloid-foam-dressings,,,,,,,Size,"Foam, 10 x 10cm",Pack,Box of 10,GPS-WOU-HYDROCOLLOID-FOAM-DRESSINGS-0202,0,shopify,0,deny,manual,45.90,TRUE,TRUE,,,,,,
hydrocolloid-foam-dressings,,,,,,,Size,"Foam, 10 x 10cm",Pack,Carton of 50,GPS-WOU-HYDROCOLLOID-FOAM-DRESSINGS-0203,0,shopify,0,deny,manual,209.00,TRUE,TRUE,,,,,,
hydrocolloid-foam-dressings,,,,,,,Size,Foam adhesive border,Pack,Box of 5,GPS-WOU-HYDROCOLLOID-FOAM-DRESSINGS-0301,0,shopify,0,deny,manual,24.50,TRUE,TRUE,,,,,,
hydrocolloid-foam-dressings,,,,,,,Size,Foam adhesive border,Pack,Box of 10,GPS-WOU-HYDROCOLLOID-FOAM-DRESSINGS-0302,0,shopify,0,deny,manual,45.90,TRUE,TRUE,,,,,,
hydrocolloid-foam-dressings,,,,,,,Size,Foam adhesive border,Pack,Carton of 50,GPS-WOU-HYDROCOLLOID-FOAM-DRESSINGS-0303,0,shopify,0,deny,manual,209.00,TRUE,TRUE,,,,,,
silicone-scar-gel,Silicone scar gel,"<p>Medical grade silicone in a tube, for closed and fully healed skin. It is not a dressing and it is not for open wounds. Follow the directions from whoever is managing the scar.</p><h2>About silicone scar gel</h2><p>Medical grade silicone in a tube, for closed and fully healed skin. It is not a dressing and it is not for open wounds. Follow the directions from whoever is managing the scar.</p><p>The active is medical grade silicone.</p><h2>Choosing between the options</h2><p>There are 2 to choose from: 15g tube and 30g tube.</p><p>15g tube: the standard.</p><p>30g tube: larger areas.</p><h2>Pack sizes</h2><p>Available as each, box of 6 and box of 12. The larger packs work out cheaper per unit, and the price for every one of them is on this page rather than behind a login.</p><h2>Specifications</h2><table><tr><th>Active</th><td>Medical grade silicone</td></tr><tr><th>Format</th><td>Self drying gel</td></tr><tr><th>Use</th><td>Closed, healed skin only</td></tr></table>",Good Practice Supply,Wound care,"wound-care,dressings,scar,launch-range",FALSE,Tube size,15g tube,Pack,Each,GPS-WOU-SILICONE-SCAR-GEL-0101,0,shopify,0,deny,manual,29.90,TRUE,TRUE,https://d8j0ntlcm91z4.cloudfront.net/user_302vtY04kC9nbtUjJJAhLoDVMFw/hf_20260915_112445_df1c68f9-58ba-4ea0-91e5-d922bb72275c.png,1,Silicone scar gel,"Silicone scar gel, medical silicone","Silicone scar gel: Medical silicone, 15g tube. Available as each, box of 6 and box of 12. Priced on the page, no account needed, dispatched from Sydney.",draft
silicone-scar-gel,,,,,,,Tube size,15g tube,Pack,Box of 6,GPS-WOU-SILICONE-SCAR-GEL-0102,0,shopify,0,deny,manual,164.00,TRUE,TRUE,,,,,,
silicone-scar-gel,,,,,,,Tube size,15g tube,Pack,Box of 12,GPS-WOU-SILICONE-SCAR-GEL-0103,0,shopify,0,deny,manual,308.00,TRUE,TRUE,,,,,,
silicone-scar-gel,,,,,,,Tube size,30g tube,Pack,Each,GPS-WOU-SILICONE-SCAR-GEL-0201,0,shopify,0,deny,manual,29.90,TRUE,TRUE,,,,,,
silicone-scar-gel,,,,,,,Tube size,30g tube,Pack,Box of 6,GPS-WOU-SILICONE-SCAR-GEL-0202,0,shopify,0,deny,manual,164.00,TRUE,TRUE,,,,,,
silicone-scar-gel,,,,,,,Tube size,30g tube,Pack,Box of 12,GPS-WOU-SILICONE-SCAR-GEL-0203,0,shopify,0,deny,manual,308.00,TRUE,TRUE,,,,,,
sutures,Sutures,"<p>Non-absorbable nylon and absorbable, both on a reverse cutting needle, in the two sizes a treatment room gets through. Supplied sterile, single use, with the needle swaged on.</p><h2>About sutures</h2><p>Non-absorbable nylon and absorbable, both on a reverse cutting needle, in the two sizes a treatment room gets through. Supplied sterile, single use, with the needle swaged on.</p><p>Supplied sterile, single use.</p><h2>Choosing between the options</h2><p>There are 4 to choose from: Nylon 3-0, Nylon 4-0, Absorbable 3-0 and Absorbable 4-0.</p><p>Nylon 3-0: non-absorbable.</p><p>Nylon 4-0: non-absorbable, finer.</p><p>Absorbable 3-0: no removal.</p><p>Absorbable 4-0: no removal, finer.</p><h2>Pack sizes</h2><p>Available as box of 12, box of 24 and carton of 72. The larger packs work out cheaper per unit, and the price for every one of them is on this page rather than behind a login.</p><h2>Specifications</h2><table><tr><th>Needle</th><td>Reverse cutting, swaged</td></tr><tr><th>Sterility</th><td>Sterile, single use</td></tr><tr><th>Thread length</th><td>75cm</td></tr></table>",Good Practice Supply,Wound care,"wound-care,procedure,suture,launch-range",FALSE,Gauge,Nylon 3-0,Pack,Box of 12,GPS-WOU-SUTURES-0101,0,shopify,0,deny,manual,42.90,TRUE,TRUE,https://d8j0ntlcm91z4.cloudfront.net/user_302vtY04kC9nbtUjJJAhLoDVMFw/hf_20260915_111902_0a56cd8c-12a4-4c97-a2b2-e3822156c612.png,1,Sutures,"Sutures, sterile","Sutures: Sterile, 3-0 and 4-0 on a cutting needle. Available as box of 12, box of 24 and carton of 72. Priced on the page, no account needed, dispatched from.",draft
sutures,,,,,,,Gauge,Nylon 3-0,Pack,Box of 24,GPS-WOU-SUTURES-0102,0,shopify,0,deny,manual,79.80,TRUE,TRUE,,,,,,
sutures,,,,,,,Gauge,Nylon 3-0,Pack,Carton of 72,GPS-WOU-SUTURES-0103,0,shopify,0,deny,manual,224.00,TRUE,TRUE,,,,,,
sutures,,,,,,,Gauge,Nylon 4-0,Pack,Box of 12,GPS-WOU-SUTURES-0201,0,shopify,0,deny,manual,42.90,TRUE,TRUE,,,,,,
sutures,,,,,,,Gauge,Nylon 4-0,Pack,Box of 24,GPS-WOU-SUTURES-0202,0,shopify,0,deny,manual,79.80,TRUE,TRUE,,,,,,
sutures,,,,,,,Gauge,Nylon 4-0,Pack,Carton of 72,GPS-WOU-SUTURES-0203,0,shopify,0,deny,manual,224.00,TRUE,TRUE,,,,,,
sutures,,,,,,,Gauge,Absorbable 3-0,Pack,Box of 12,GPS-WOU-SUTURES-0301,0,shopify,0,deny,manual,42.90,TRUE,TRUE,,,,,,
sutures,,,,,,,Gauge,Absorbable 3-0,Pack,Box of 24,GPS-WOU-SUTURES-0302,0,shopify,0,deny,manual,79.80,TRUE,TRUE,,,,,,
sutures,,,,,,,Gauge,Absorbable 3-0,Pack,Carton of 72,GPS-WOU-SUTURES-0303,0,shopify,0,deny,manual,224.00,TRUE,TRUE,,,,,,
sutures,,,,,,,Gauge,Absorbable 4-0,Pack,Box of 12,GPS-WOU-SUTURES-0401,0,shopify,0,deny,manual,42.90,TRUE,TRUE,,,,,,
sutures,,,,,,,Gauge,Absorbable 4-0,Pack,Box of 24,GPS-WOU-SUTURES-0402,0,shopify,0,deny,manual,79.80,TRUE,TRUE,,,,,,
sutures,,,,,,,Gauge,Absorbable 4-0,Pack,Carton of 72,GPS-WOU-SUTURES-0403,0,shopify,0,deny,manual,224.00,TRUE,TRUE,,,,,,
safety-lancets,Safety lancets,"<p>Fires once and retracts. It cannot be reused by accident, which is exactly what you want in a shared or domestic setting.</p><h2>What makes it a safety lancet</h2><p>The needle retracts and locks after it fires, so the lancet cannot be used twice and cannot stick anyone afterwards. That is the whole design, and it is why safety lancets have replaced the older reusable devices nearly everywhere.</p><p>They still go in a sharps container. A retracted needle is safer, not absent.</p><h2>Gauge and depth</h2><p>A finer lancet hurts less and yields a smaller drop. 28G is the common compromise. If you are not getting enough blood, warming the hand and letting it hang below heart level does more than going to a thicker lancet.</p><h2>Specifications</h2><table><tr><th>Mechanism</th><td>Retracting</td></tr><tr><th>Use</th><td>Single use</td></tr></table>",Good Practice Supply,Diagnostics,"diagnostics,lancets,diag,launch-range",FALSE,Gauge and length,"28G, 1.8mm",Pack,Box of 100,GPS-DIA-SAFETY-LANCETS-0101,0,shopify,0,deny,manual,22.90,TRUE,TRUE,https://d8j0ntlcm91z4.cloudfront.net/user_302vtY04kC9nbtUjJJAhLoDVMFw/hf_20260912_014655_b20c505c-894a-4948-a4ec-b6811facc908.png,1,Safety lancets,"Safety lancets, 28G, single use, box of 100","28G single-use safety lancets with a retracting needle that cannot be reused. Box of 100, priced on the page, no account needed.",draft
safety-lancets,,,,,,,Gauge and length,"28G, 1.8mm",Pack,Box of 200,GPS-DIA-SAFETY-LANCETS-0102,0,shopify,0,deny,manual,42.00,TRUE,TRUE,,,,,,
safety-lancets,,,,,,,Gauge and length,"30G, 1.5mm",Pack,Box of 100,GPS-DIA-SAFETY-LANCETS-0201,0,shopify,0,deny,manual,22.90,TRUE,TRUE,,,,,,
safety-lancets,,,,,,,Gauge and length,"30G, 1.5mm",Pack,Box of 200,GPS-DIA-SAFETY-LANCETS-0202,0,shopify,0,deny,manual,42.00,TRUE,TRUE,,,,,,
safety-lancets,,,,,,,Gauge and length,"21G, 2.2mm",Pack,Box of 100,GPS-DIA-SAFETY-LANCETS-0301,0,shopify,0,deny,manual,22.90,TRUE,TRUE,,,,,,
safety-lancets,,,,,,,Gauge and length,"21G, 2.2mm",Pack,Box of 200,GPS-DIA-SAFETY-LANCETS-0302,0,shopify,0,deny,manual,42.00,TRUE,TRUE,,,,,,
blood-glucose-test-strips,Blood glucose test strips,"<p>Batch coded on the vial, which is the number your meter wants. Check compatibility before you order a carton.</p><h2>About blood glucose test strips</h2><p>Batch coded on the vial, which is the number your meter wants. Check compatibility before you order a carton.</p><h2>Choosing between the options</h2><p>There are 2 to choose from: Vial of 50 and Vial of 100.</p><p>Vial of 50: .</p><p>Vial of 100: .</p><h2>Pack sizes</h2><p>Available as box of 2 vials and carton of 10. The larger packs work out cheaper per unit, and the price for every one of them is on this page rather than behind a login.</p><h2>Specifications</h2><table><tr><th>Sample</th><td>0.5 microlitre</td></tr><tr><th>Storage</th><td>Room temperature</td></tr></table>",Good Practice Supply,Diagnostics,"diagnostics,strips,diag,launch-range",FALSE,Vial size,Vial of 50,Pack,Box of 2 vials,GPS-DIA-BLOOD-GLUCOSE-TEST-STRIPS-0101,0,shopify,0,deny,manual,39.00,TRUE,TRUE,https://d8j0ntlcm91z4.cloudfront.net/user_302vtY04kC9nbtUjJJAhLoDVMFw/hf_20260912_014655_b20c505c-894a-4948-a4ec-b6811facc908.png,1,Blood glucose test strips,"Blood glucose test strips, vial of 50","Blood glucose test strips: Vial of 50, batch coded. Available as box of 2 vials and carton of 10. Priced on the page, no account needed, dispatched from.",draft
blood-glucose-test-strips,,,,,,,Vial size,Vial of 50,Pack,Carton of 10,GPS-DIA-BLOOD-GLUCOSE-TEST-STRIPS-0102,0,shopify,0,deny,manual,179.00,TRUE,TRUE,,,,,,
blood-glucose-test-strips,,,,,,,Vial size,Vial of 100,Pack,Box of 2 vials,GPS-DIA-BLOOD-GLUCOSE-TEST-STRIPS-0201,0,shopify,0,deny,manual,39.00,TRUE,TRUE,,,,,,
blood-glucose-test-strips,,,,,,,Vial size,Vial of 100,Pack,Carton of 10,GPS-DIA-BLOOD-GLUCOSE-TEST-STRIPS-0202,0,shopify,0,deny,manual,179.00,TRUE,TRUE,,,,,,
thermometer-probe-covers,Thermometer probe covers,"<p>Fits the common oral and tympanic probes. Cheap, and the thing that stops a thermometer being a vector.</p><h2>About thermometer probe covers</h2><p>Fits the common oral and tympanic probes. Cheap, and the thing that stops a thermometer being a vector.</p><h2>Choosing between the options</h2><p>There are 2 to choose from: Universal oral and Tympanic.</p><p>Universal oral: .</p><p>Tympanic: .</p><h2>Pack sizes</h2><p>Available as box of 100 and carton of 20 boxes. The larger packs work out cheaper per unit, and the price for every one of them is on this page rather than behind a login.</p><h2>Specifications</h2><table><tr><th>Fit</th><td>Universal</td></tr><tr><th>Use</th><td>Single use</td></tr></table>",Good Practice Supply,Diagnostics,"diagnostics,covers,diag,launch-range",FALSE,Fit,Universal oral,Pack,Box of 100,GPS-DIA-THERMOMETER-PROBE-COVERS-0101,0,shopify,0,deny,manual,8.90,TRUE,TRUE,https://d8j0ntlcm91z4.cloudfront.net/user_302vtY04kC9nbtUjJJAhLoDVMFw/hf_20260912_014655_b20c505c-894a-4948-a4ec-b6811facc908.png,1,Thermometer probe covers,"Thermometer probe covers, universal","Thermometer probe covers: Universal, single use. Available as box of 100 and carton of 20 boxes. Priced on the page, no account needed, dispatched from.",draft
thermometer-probe-covers,,,,,,,Fit,Universal oral,Pack,Carton of 20 boxes,GPS-DIA-THERMOMETER-PROBE-COVERS-0102,0,shopify,0,deny,manual,154.00,TRUE,TRUE,,,,,,
thermometer-probe-covers,,,,,,,Fit,Tympanic,Pack,Box of 100,GPS-DIA-THERMOMETER-PROBE-COVERS-0201,0,shopify,0,deny,manual,8.90,TRUE,TRUE,,,,,,
thermometer-probe-covers,,,,,,,Fit,Tympanic,Pack,Carton of 20 boxes,GPS-DIA-THERMOMETER-PROBE-COVERS-0202,0,shopify,0,deny,manual,154.00,TRUE,TRUE,,,,,,
vaginal-speculum-disposable,"Vaginal speculum, disposable","<p>Single use, with a channel for a light source. Sized small through large.</p><h2>Single use rather than reprocessed</h2><p>A single use speculum removes the reprocessing loop entirely: no soaking, no autoclave cycle, no tracking of how many cycles an instrument has been through. For a practice without a sterilising room that is not a convenience, it is the only workable option.</p><p>Moulded polymer, smooth edges, with a locking mechanism that holds position without a thumbscrew to work one handed.</p><h2>With or without a light</h2><p>An integral light source removes the need to position a lamp, which is most of the awkwardness. It adds cost per unit, so most practices stock both and use the lit ones where they help.</p><h2>Specifications</h2><table><tr><th>Sterility</th><td>Individually wrapped</td></tr><tr><th>Light</th><td>Channel compatible</td></tr></table>",Good Practice Supply,Diagnostics,"diagnostics,covers,diag,launch-range",FALSE,Size,Small,Pack,Box of 25,GPS-DIA-VAGINAL-SPECULUM-DISPOSABLE-0101,0,shopify,0,deny,manual,49.00,TRUE,TRUE,https://d8j0ntlcm91z4.cloudfront.net/user_302vtY04kC9nbtUjJJAhLoDVMFw/hf_20260912_014655_b20c505c-894a-4948-a4ec-b6811facc908.png,1,"Vaginal speculum, disposable","Vaginal speculum, single use, S, M and L","Single-use vaginal speculums in small, medium and large, with or without an integral light. Priced on the page, no account needed.",draft
vaginal-speculum-disposable,,,,,,,Size,Small,Pack,Carton of 100,GPS-DIA-VAGINAL-SPECULUM-DISPOSABLE-0102,0,shopify,0,deny,manual,179.00,TRUE,TRUE,,,,,,
vaginal-speculum-disposable,,,,,,,Size,Medium,Pack,Box of 25,GPS-DIA-VAGINAL-SPECULUM-DISPOSABLE-0201,0,shopify,0,deny,manual,49.00,TRUE,TRUE,,,,,,
vaginal-speculum-disposable,,,,,,,Size,Medium,Pack,Carton of 100,GPS-DIA-VAGINAL-SPECULUM-DISPOSABLE-0202,0,shopify,0,deny,manual,179.00,TRUE,TRUE,,,,,,
vaginal-speculum-disposable,,,,,,,Size,Large,Pack,Box of 25,GPS-DIA-VAGINAL-SPECULUM-DISPOSABLE-0301,0,shopify,0,deny,manual,49.00,TRUE,TRUE,,,,,,
vaginal-speculum-disposable,,,,,,,Size,Large,Pack,Carton of 100,GPS-DIA-VAGINAL-SPECULUM-DISPOSABLE-0302,0,shopify,0,deny,manual,179.00,TRUE,TRUE,,,,,,
ecg-electrodes,ECG electrodes,"<p>Foam backed with a wet gel that has not dried out in the packet, which is the usual complaint with cheap electrodes.</p><h2>About ECG electrodes</h2><p>Foam backed with a wet gel that has not dried out in the packet, which is the usual complaint with cheap electrodes.</p><h2>Choosing between the options</h2><p>There are 2 to choose from: Adult and Paediatric.</p><p>Adult: .</p><p>Paediatric: .</p><h2>Pack sizes</h2><p>Available as bag of 50 and carton of 600. The larger packs work out cheaper per unit, and the price for every one of them is on this page rather than behind a login.</p><h2>Specifications</h2><table><tr><th>Gel</th><td>Wet</td></tr><tr><th>Backing</th><td>Foam</td></tr></table>",Good Practice Supply,Diagnostics,"diagnostics,ecg,diag,launch-range",FALSE,Patient,Adult,Pack,Bag of 50,GPS-DIA-ECG-ELECTRODES-0101,0,shopify,0,deny,manual,18.90,TRUE,TRUE,https://d8j0ntlcm91z4.cloudfront.net/user_302vtY04kC9nbtUjJJAhLoDVMFw/hf_20260912_014655_b20c505c-894a-4948-a4ec-b6811facc908.png,1,ECG electrodes,"ECG electrodes, wet gel","ECG electrodes: Wet gel, foam backed. Available as bag of 50 and carton of 600. Priced on the page, no account needed, dispatched from Sydney.",draft
ecg-electrodes,,,,,,,Patient,Adult,Pack,Carton of 600,GPS-DIA-ECG-ELECTRODES-0102,0,shopify,0,deny,manual,199.00,TRUE,TRUE,,,,,,
ecg-electrodes,,,,,,,Patient,Paediatric,Pack,Bag of 50,GPS-DIA-ECG-ELECTRODES-0201,0,shopify,0,deny,manual,18.90,TRUE,TRUE,,,,,,
ecg-electrodes,,,,,,,Patient,Paediatric,Pack,Carton of 600,GPS-DIA-ECG-ELECTRODES-0202,0,shopify,0,deny,manual,199.00,TRUE,TRUE,,,,,,
ultrasound-gel,Ultrasound gel,"<p>Does not stain the probe or the linen, which is the difference between a gel you buy once and one you buy again.</p><h2>About ultrasound gel</h2><p>Does not stain the probe or the linen, which is the difference between a gel you buy once and one you buy again.</p><h2>Choosing between the options</h2><p>There are 2 to choose from: 250mL bottle and 5L refill.</p><p>250mL bottle: .</p><p>5L refill: .</p><h2>Pack sizes</h2><p>Available as each and carton of 6. The larger packs work out cheaper per unit, and the price for every one of them is on this page rather than behind a login.</p><h2>Specifications</h2><table><tr><th>Type</th><td>Non sterile</td></tr><tr><th>pH</th><td>Neutral</td></tr></table>",Good Practice Supply,Diagnostics,"diagnostics,ecg,diag,launch-range",FALSE,Format,250mL bottle,Pack,Each,GPS-DIA-ULTRASOUND-GEL-0101,0,shopify,0,deny,manual,8.90,TRUE,TRUE,https://d8j0ntlcm91z4.cloudfront.net/user_302vtY04kC9nbtUjJJAhLoDVMFw/hf_20260912_014655_b20c505c-894a-4948-a4ec-b6811facc908.png,1,Ultrasound gel,"Ultrasound gel, non staining","Ultrasound gel: Non staining, hypoallergenic. Available as each and carton of 6. Priced on the page, no account needed, dispatched from Sydney.",draft
ultrasound-gel,,,,,,,Format,250mL bottle,Pack,Carton of 6,GPS-DIA-ULTRASOUND-GEL-0102,0,shopify,0,deny,manual,46.00,TRUE,TRUE,,,,,,
ultrasound-gel,,,,,,,Format,5L refill,Pack,Each,GPS-DIA-ULTRASOUND-GEL-0201,0,shopify,0,deny,manual,8.90,TRUE,TRUE,,,,,,
ultrasound-gel,,,,,,,Format,5L refill,Pack,Carton of 6,GPS-DIA-ULTRASOUND-GEL-0202,0,shopify,0,deny,manual,46.00,TRUE,TRUE,,,,,,
urinalysis-strips,Urinalysis strips,"<p>Ten pads on a strip, read against the chart on the tube. Keep the lid closed and the desiccant in, because these go off fast once air gets at them.</p><h2>About urinalysis strips</h2><p>Ten pads on a strip, read against the chart on the tube. Keep the lid closed and the desiccant in, because these go off fast once air gets at them.</p><h2>Choosing between the options</h2><p>There are 2 to choose from: 10 parameter and 4 parameter.</p><p>10 parameter: the standard panel.</p><p>4 parameter: screening only.</p><h2>Pack sizes</h2><p>Available as tube of 100, box of 5 tubes and carton of 20 tubes. The larger packs work out cheaper per unit, and the price for every one of them is on this page rather than behind a login.</p><h2>Specifications</h2><table><tr><th>Parameters</th><td>10</td></tr><tr><th>Read</th><td>Visual, against the tube chart</td></tr><tr><th>Storage</th><td>Sealed, with desiccant</td></tr></table>",Good Practice Supply,Diagnostics,"diagnostics,strips,urine,launch-range",FALSE,Parameters,10 parameter,Pack,Tube of 100,GPS-DIA-URINALYSIS-STRIPS-0101,0,shopify,0,deny,manual,21.90,TRUE,TRUE,https://d2ol7oe51mr4n9.cloudfront.net/user_302vtY04kC9nbtUjJJAhLoDVMFw/0c77e718-d1f9-4641-99a2-412f2643e68d.png,1,Urinalysis strips,"Urinalysis strips, 10 parameter","Urinalysis strips: 10 parameter, tube of 100. Available as tube of 100, box of 5 tubes and carton of 20 tubes. Priced on the page, no account needed.",draft
urinalysis-strips,,,,,,,Parameters,10 parameter,Pack,Box of 5 tubes,GPS-DIA-URINALYSIS-STRIPS-0102,0,shopify,0,deny,manual,99.00,TRUE,TRUE,,,,,,
urinalysis-strips,,,,,,,Parameters,10 parameter,Pack,Carton of 20 tubes,GPS-DIA-URINALYSIS-STRIPS-0103,0,shopify,0,deny,manual,368.00,TRUE,TRUE,,,,,,
urinalysis-strips,,,,,,,Parameters,4 parameter,Pack,Tube of 100,GPS-DIA-URINALYSIS-STRIPS-0201,0,shopify,0,deny,manual,21.90,TRUE,TRUE,,,,,,
urinalysis-strips,,,,,,,Parameters,4 parameter,Pack,Box of 5 tubes,GPS-DIA-URINALYSIS-STRIPS-0202,0,shopify,0,deny,manual,99.00,TRUE,TRUE,,,,,,
urinalysis-strips,,,,,,,Parameters,4 parameter,Pack,Carton of 20 tubes,GPS-DIA-URINALYSIS-STRIPS-0203,0,shopify,0,deny,manual,368.00,TRUE,TRUE,,,,,,
otoscope-ear-specula,Otoscope ear specula,"<p>Disposable tips in the two sizes that cover adults and children. Check they seat on your otoscope head before you order a carton, because the fittings are not universal.</p><h2>About otoscope ear specula</h2><p>Disposable tips in the two sizes that cover adults and children. Check they seat on your otoscope head before you order a carton, because the fittings are not universal.</p><p>Supplied non-sterile, single use.</p><h2>Choosing between the options</h2><p>There are 3 to choose from: 2.5mm, 4mm and Mixed bag.</p><p>2.5mm: paediatric.</p><p>4mm: adult.</p><p>Mixed bag: both sizes.</p><h2>Pack sizes</h2><p>Available as bag of 100, box of 500 and carton of 1000. The larger packs work out cheaper per unit, and the price for every one of them is on this page rather than behind a login.</p><h2>Specifications</h2><table><tr><th>Sizes</th><td>2.5mm and 4mm</td></tr><tr><th>Sterility</th><td>Non-sterile, single use</td></tr><tr><th>Fitting</th><td>Check against your otoscope head</td></tr></table>",Good Practice Supply,Diagnostics,"diagnostics,covers,specula,launch-range",FALSE,Tip size,2.5mm,Pack,Bag of 100,GPS-DIA-OTOSCOPE-EAR-SPECULA-0101,0,shopify,0,deny,manual,16.90,TRUE,TRUE,https://d2ol7oe51mr4n9.cloudfront.net/user_302vtY04kC9nbtUjJJAhLoDVMFw/21cf8591-5e0e-4502-b291-4ffe19155c2f.png,1,Otoscope ear specula,"Otoscope ear specula, disposable tips","Otoscope ear specula: Disposable tips, 2.5mm and 4mm. Available as bag of 100, box of 500 and carton of 1000. Priced on the page, no account needed.",draft
otoscope-ear-specula,,,,,,,Tip size,2.5mm,Pack,Box of 500,GPS-DIA-OTOSCOPE-EAR-SPECULA-0102,0,shopify,0,deny,manual,74.00,TRUE,TRUE,,,,,,
otoscope-ear-specula,,,,,,,Tip size,2.5mm,Pack,Carton of 1000,GPS-DIA-OTOSCOPE-EAR-SPECULA-0103,0,shopify,0,deny,manual,138.00,TRUE,TRUE,,,,,,
otoscope-ear-specula,,,,,,,Tip size,4mm,Pack,Bag of 100,GPS-DIA-OTOSCOPE-EAR-SPECULA-0201,0,shopify,0,deny,manual,16.90,TRUE,TRUE,,,,,,
otoscope-ear-specula,,,,,,,Tip size,4mm,Pack,Box of 500,GPS-DIA-OTOSCOPE-EAR-SPECULA-0202,0,shopify,0,deny,manual,74.00,TRUE,TRUE,,,,,,
otoscope-ear-specula,,,,,,,Tip size,4mm,Pack,Carton of 1000,GPS-DIA-OTOSCOPE-EAR-SPECULA-0203,0,shopify,0,deny,manual,138.00,TRUE,TRUE,,,,,,
otoscope-ear-specula,,,,,,,Tip size,Mixed bag,Pack,Bag of 100,GPS-DIA-OTOSCOPE-EAR-SPECULA-0301,0,shopify,0,deny,manual,16.90,TRUE,TRUE,,,,,,
otoscope-ear-specula,,,,,,,Tip size,Mixed bag,Pack,Box of 500,GPS-DIA-OTOSCOPE-EAR-SPECULA-0302,0,shopify,0,deny,manual,74.00,TRUE,TRUE,,,,,,
otoscope-ear-specula,,,,,,,Tip size,Mixed bag,Pack,Carton of 1000,GPS-DIA-OTOSCOPE-EAR-SPECULA-0303,0,shopify,0,deny,manual,138.00,TRUE,TRUE,,,,,,
blood-glucose-meter,Blood glucose meter,"<p>The meter that matches the strips. Meters and strips are a closed pair, so a meter from one maker will not read another maker’s strip, whatever the box says.</p><h2>About blood glucose meter</h2><p>The meter that matches the strips. Meters and strips are a closed pair, so a meter from one maker will not read another maker’s strip, whatever the box says.</p><h2>Choosing between the options</h2><p>There are 2 to choose from: Meter only and Starter kit.</p><p>Meter only: you have strips.</p><p>Starter kit: meter, device, 10 strips.</p><h2>Pack sizes</h2><p>Available as each, box of 5 and carton of 20. The larger packs work out cheaper per unit, and the price for every one of them is on this page rather than behind a login.</p><h2>Specifications</h2><table><tr><th>Sample</th><td>Capillary blood</td></tr><tr><th>Strips</th><td>Matched strips only</td></tr><tr><th>Memory</th><td>Last 500 readings</td></tr></table>",Good Practice Supply,Diagnostics,"diagnostics,meters,diag,launch-range",FALSE,Kit,Meter only,Pack,Each,GPS-DIA-BLOOD-GLUCOSE-METER-0101,0,shopify,0,deny,manual,34.90,TRUE,TRUE,https://d8j0ntlcm91z4.cloudfront.net/user_302vtY04kC9nbtUjJJAhLoDVMFw/hf_20260912_014655_b20c505c-894a-4948-a4ec-b6811facc908.png,1,Blood glucose meter,"Blood glucose meter, meter","Blood glucose meter: Meter, lancing device and case. Available as each, box of 5 and carton of 20. Priced on the page, no account needed, dispatched from.",draft
blood-glucose-meter,,,,,,,Kit,Meter only,Pack,Box of 5,GPS-DIA-BLOOD-GLUCOSE-METER-0102,0,shopify,0,deny,manual,159.00,TRUE,TRUE,,,,,,
blood-glucose-meter,,,,,,,Kit,Meter only,Pack,Carton of 20,GPS-DIA-BLOOD-GLUCOSE-METER-0103,0,shopify,0,deny,manual,580.00,TRUE,TRUE,,,,,,
blood-glucose-meter,,,,,,,Kit,Starter kit,Pack,Each,GPS-DIA-BLOOD-GLUCOSE-METER-0201,0,shopify,0,deny,manual,34.90,TRUE,TRUE,,,,,,
blood-glucose-meter,,,,,,,Kit,Starter kit,Pack,Box of 5,GPS-DIA-BLOOD-GLUCOSE-METER-0202,0,shopify,0,deny,manual,159.00,TRUE,TRUE,,,,,,
blood-glucose-meter,,,,,,,Kit,Starter kit,Pack,Carton of 20,GPS-DIA-BLOOD-GLUCOSE-METER-0203,0,shopify,0,deny,manual,580.00,TRUE,TRUE,,,,,,
tongue-depressors,Tongue depressors,"<p>Plain birch, smooth edges, adult length. Bought by the hundred because they are single use and there is no reason to buy them any other way.</p><h2>About tongue depressors</h2><p>Plain birch, smooth edges, adult length. Bought by the hundred because they are single use and there is no reason to buy them any other way.</p><p>The material is birch, smooth edged.</p><p>Supplied non-sterile.</p><h2>Choosing between the options</h2><p>There are 2 to choose from: Adult and Paediatric.</p><p>Adult: 150mm.</p><p>Paediatric: 140mm.</p><h2>Pack sizes</h2><p>Available as box of 100, carton of 1000 and carton of 5000. The larger packs work out cheaper per unit, and the price for every one of them is on this page rather than behind a login.</p><h2>Specifications</h2><table><tr><th>Material</th><td>Birch, smooth edged</td></tr><tr><th>Sterility</th><td>Non-sterile</td></tr><tr><th>Length</th><td>150mm adult</td></tr></table>",Good Practice Supply,Diagnostics,"diagnostics,practice,depressor,launch-range",FALSE,Patient,Adult,Pack,Box of 100,GPS-DIA-TONGUE-DEPRESSORS-0101,0,shopify,0,deny,manual,6.90,TRUE,TRUE,https://d8j0ntlcm91z4.cloudfront.net/user_302vtY04kC9nbtUjJJAhLoDVMFw/hf_20260915_111920_7a628413-5282-4fd0-9ef1-a6cdc1feec3d.png,1,Tongue depressors,"Tongue depressors, wooden","Tongue depressors: Wooden, adult, non-sterile. Available as box of 100, carton of 1000 and carton of 5000. Priced on the page, no account needed, dispatched.",draft
tongue-depressors,,,,,,,Patient,Adult,Pack,Carton of 1000,GPS-DIA-TONGUE-DEPRESSORS-0102,0,shopify,0,deny,manual,54.00,TRUE,TRUE,,,,,,
tongue-depressors,,,,,,,Patient,Adult,Pack,Carton of 5000,GPS-DIA-TONGUE-DEPRESSORS-0103,0,shopify,0,deny,manual,245.00,TRUE,TRUE,,,,,,
tongue-depressors,,,,,,,Patient,Paediatric,Pack,Box of 100,GPS-DIA-TONGUE-DEPRESSORS-0201,0,shopify,0,deny,manual,6.90,TRUE,TRUE,,,,,,
tongue-depressors,,,,,,,Patient,Paediatric,Pack,Carton of 1000,GPS-DIA-TONGUE-DEPRESSORS-0202,0,shopify,0,deny,manual,54.00,TRUE,TRUE,,,,,,
tongue-depressors,,,,,,,Patient,Paediatric,Pack,Carton of 5000,GPS-DIA-TONGUE-DEPRESSORS-0203,0,shopify,0,deny,manual,245.00,TRUE,TRUE,,,,,,
sharps-container-bench,"Sharps container, bench","<p>Sized for a bench or a bathroom cupboard. A one hand aperture, because the other hand is holding something sharp.</p><h2>Why a container and not a bottle</h2><p>Used needles cannot go in household waste anywhere in Australia. A proper sharps container is rigid polypropylene, puncture resistant, yellow so it is recognisable to whoever handles it next, and it has a temporary closure you can operate one handed and a final closure that cannot be reopened.</p><p>A drink bottle fails on every one of those. It is not a container, it is a hazard with a lid on it.</p><h2>Sizing and filling</h2><p>Fill to the line and not past it. The line exists because an overfull container cannot be closed safely, and a container that cannot be closed safely is the problem it was bought to prevent.</p><p>0.5L suits a bag or a bathroom cupboard. 1.4L is the bench size for someone injecting regularly. Wall mounted containers for a treatment room are in clinic and disposal.</p><h2>Specifications</h2><table><tr><th>Standard</th><td>AS 4031</td></tr><tr><th>Material</th><td>Puncture resistant polypropylene</td></tr><tr><th>Colour</th><td>Yellow</td></tr><tr><th>Closure</th><td>Temporary and final, with finger guard</td></tr></table>",Good Practice Supply,Clinic & disposal,"clinic-disposal,sharps,clinic,launch-range",FALSE,Capacity,0.5L,Pack,Each,GPS-CLI-SHARPS-CONTAINER-BENCH-0101,0,shopify,0,deny,manual,12.50,TRUE,TRUE,https://d8j0ntlcm91z4.cloudfront.net/user_302vtY04kC9nbtUjJJAhLoDVMFw/hf_20260912_014655_ff570e50-4d34-4cd4-882b-4e40b83438e1.png,1,"Sharps container, bench","Sharps container, 0.5L and 1.4L, yellow, AS 4031","Puncture resistant yellow sharps containers in 0.5L and 1.4L with a finger guard and a lockable lid. Priced on the page, no account needed.",draft
sharps-container-bench,,,,,,,Capacity,0.5L,Pack,Carton of 12,GPS-CLI-SHARPS-CONTAINER-BENCH-0102,0,shopify,0,deny,manual,129.00,TRUE,TRUE,,,,,,
sharps-container-bench,,,,,,,Capacity,1.4L,Pack,Each,GPS-CLI-SHARPS-CONTAINER-BENCH-0201,0,shopify,0,deny,manual,12.50,TRUE,TRUE,,,,,,
sharps-container-bench,,,,,,,Capacity,1.4L,Pack,Carton of 12,GPS-CLI-SHARPS-CONTAINER-BENCH-0202,0,shopify,0,deny,manual,129.00,TRUE,TRUE,,,,,,
sharps-container-bench,,,,,,,Capacity,2L,Pack,Each,GPS-CLI-SHARPS-CONTAINER-BENCH-0301,0,shopify,0,deny,manual,12.50,TRUE,TRUE,,,,,,
sharps-container-bench,,,,,,,Capacity,2L,Pack,Carton of 12,GPS-CLI-SHARPS-CONTAINER-BENCH-0302,0,shopify,0,deny,manual,129.00,TRUE,TRUE,,,,,,
sharps-container-wall-mount,"Sharps container, wall mount","<p>One per treatment room, bracketed at the point of use. Carrying a sharp between rooms is how staff get injured.</p><h2>About sharps container, wall mount</h2><p>One per treatment room, bracketed at the point of use. Carrying a sharp between rooms is how staff get injured.</p><h2>Choosing between the options</h2><p>There are 3 to choose from: 5L, 10L and 20L.</p><p>5L: .</p><p>10L: .</p><p>20L: .</p><h2>Pack sizes</h2><p>Available as each and carton of 6. The larger packs work out cheaper per unit, and the price for every one of them is on this page rather than behind a login.</p><h2>Specifications</h2><table><tr><th>Standard</th><td>AS 4031</td></tr><tr><th>Mount</th><td>Bracket included</td></tr></table>",Good Practice Supply,Clinic & disposal,"clinic-disposal,sharps,clinic,launch-range",FALSE,Capacity,5L,Pack,Each,GPS-CLI-SHARPS-CONTAINER-WALL-MOUNT-0101,0,shopify,0,deny,manual,24.50,TRUE,TRUE,https://d8j0ntlcm91z4.cloudfront.net/user_302vtY04kC9nbtUjJJAhLoDVMFw/hf_20260912_014655_ff570e50-4d34-4cd4-882b-4e40b83438e1.png,1,"Sharps container, wall mount","Sharps container, wall mount, bracketed","Sharps container, wall mount: Bracketed, keyed final closure. Available as each and carton of 6. Priced on the page, no account needed, dispatched from.",draft
sharps-container-wall-mount,,,,,,,Capacity,5L,Pack,Carton of 6,GPS-CLI-SHARPS-CONTAINER-WALL-MOUNT-0102,0,shopify,0,deny,manual,129.00,TRUE,TRUE,,,,,,
sharps-container-wall-mount,,,,,,,Capacity,10L,Pack,Each,GPS-CLI-SHARPS-CONTAINER-WALL-MOUNT-0201,0,shopify,0,deny,manual,24.50,TRUE,TRUE,,,,,,
sharps-container-wall-mount,,,,,,,Capacity,10L,Pack,Carton of 6,GPS-CLI-SHARPS-CONTAINER-WALL-MOUNT-0202,0,shopify,0,deny,manual,129.00,TRUE,TRUE,,,,,,
sharps-container-wall-mount,,,,,,,Capacity,20L,Pack,Each,GPS-CLI-SHARPS-CONTAINER-WALL-MOUNT-0301,0,shopify,0,deny,manual,24.50,TRUE,TRUE,,,,,,
sharps-container-wall-mount,,,,,,,Capacity,20L,Pack,Carton of 6,GPS-CLI-SHARPS-CONTAINER-WALL-MOUNT-0302,0,shopify,0,deny,manual,129.00,TRUE,TRUE,,,,,,
couch-roll,Couch roll,"<p>The line every practice manager says runs out first. Six rolls to a carton, and you will use them.</p><h2>About couch roll</h2><p>The line every practice manager says runs out first. Six rolls to a carton, and you will use them.</p><h2>Choosing between the options</h2><p>There are 2 to choose from: 50cm and 60cm.</p><p>50cm: .</p><p>60cm: .</p><h2>Pack sizes</h2><p>Available as carton of 6 and pallet of 48. The larger packs work out cheaper per unit, and the price for every one of them is on this page rather than behind a login.</p><h2>Specifications</h2><table><tr><th>Ply</th><td>Two</td></tr><tr><th>Perforation</th><td>Sheet</td></tr></table>",Good Practice Supply,Clinic & disposal,"clinic-disposal,couch,clinic,launch-range",FALSE,Size,50cm,Pack,Carton of 6,GPS-CLI-COUCH-ROLL-0101,0,shopify,0,deny,manual,42.50,TRUE,TRUE,https://d8j0ntlcm91z4.cloudfront.net/user_302vtY04kC9nbtUjJJAhLoDVMFw/hf_20260912_014655_ff570e50-4d34-4cd4-882b-4e40b83438e1.png,1,Couch roll,"Couch roll, perforated","Couch roll: Perforated, two ply. Available as carton of 6 and pallet of 48. Priced on the page, no account needed, dispatched from Sydney.",draft
couch-roll,,,,,,,Size,50cm,Pack,Pallet of 48,GPS-CLI-COUCH-ROLL-0102,0,shopify,0,deny,manual,319.00,TRUE,TRUE,,,,,,
couch-roll,,,,,,,Size,60cm,Pack,Carton of 6,GPS-CLI-COUCH-ROLL-0201,0,shopify,0,deny,manual,42.50,TRUE,TRUE,,,,,,
couch-roll,,,,,,,Size,60cm,Pack,Pallet of 48,GPS-CLI-COUCH-ROLL-0202,0,shopify,0,deny,manual,319.00,TRUE,TRUE,,,,,,
blueys-underpads,"Blueys, underpads","<p>Protects the couch and the floor under it. Cheaper than the laundry and much cheaper than the upholstery.</p><h2>About blueys, underpads</h2><p>Protects the couch and the floor under it. Cheaper than the laundry and much cheaper than the upholstery.</p><h2>Choosing between the options</h2><p>There are 2 to choose from: 60 × 90cm and 60 × 60cm.</p><p>60 × 90cm: .</p><p>60 × 60cm: .</p><h2>Pack sizes</h2><p>Available as box of 50 and carton of 4 boxes. The larger packs work out cheaper per unit, and the price for every one of them is on this page rather than behind a login.</p><h2>Specifications</h2><table><tr><th>Backing</th><td>Waterproof</td></tr><tr><th>Core</th><td>Fluff pulp</td></tr></table>",Good Practice Supply,Clinic & disposal,"clinic-disposal,couch,clinic,launch-range",FALSE,Size,60 × 90cm,Pack,Box of 50,GPS-CLI-BLUEYS-UNDERPADS-0101,0,shopify,0,deny,manual,38.90,TRUE,TRUE,https://d8j0ntlcm91z4.cloudfront.net/user_302vtY04kC9nbtUjJJAhLoDVMFw/hf_20260912_014655_ff570e50-4d34-4cd4-882b-4e40b83438e1.png,1,"Blueys, underpads","Blueys, underpads, absorbent","Blueys, underpads: Absorbent, waterproof backing. Available as box of 50 and carton of 4 boxes. Priced on the page, no account needed, dispatched from Sydney.",draft
blueys-underpads,,,,,,,Size,60 × 90cm,Pack,Carton of 4 boxes,GPS-CLI-BLUEYS-UNDERPADS-0102,0,shopify,0,deny,manual,139.00,TRUE,TRUE,,,,,,
blueys-underpads,,,,,,,Size,60 × 60cm,Pack,Box of 50,GPS-CLI-BLUEYS-UNDERPADS-0201,0,shopify,0,deny,manual,38.90,TRUE,TRUE,,,,,,
blueys-underpads,,,,,,,Size,60 × 60cm,Pack,Carton of 4 boxes,GPS-CLI-BLUEYS-UNDERPADS-0202,0,shopify,0,deny,manual,139.00,TRUE,TRUE,,,,,,
clinical-waste-bags,Clinical waste bags,"<p>Printed to the standard so the contractor takes them without an argument. Yellow for clinical, not general.</p><h2>About clinical waste bags</h2><p>Printed to the standard so the contractor takes them without an argument. Yellow for clinical, not general.</p><h2>Choosing between the options</h2><p>There are 2 to choose from: 27L and 72L.</p><p>27L: .</p><p>72L: .</p><h2>Pack sizes</h2><p>Available as roll of 50 and carton of 10 rolls. The larger packs work out cheaper per unit, and the price for every one of them is on this page rather than behind a login.</p><h2>Specifications</h2><table><tr><th>Colour</th><td>Yellow, clinical</td></tr><tr><th>Print</th><td>To standard</td></tr></table>",Good Practice Supply,Clinic & disposal,"clinic-disposal,waste,clinic,launch-range",FALSE,Capacity,27L,Pack,Roll of 50,GPS-CLI-CLINICAL-WASTE-BAGS-0101,0,shopify,0,deny,manual,18.90,TRUE,TRUE,https://d8j0ntlcm91z4.cloudfront.net/user_302vtY04kC9nbtUjJJAhLoDVMFw/hf_20260912_014655_ff570e50-4d34-4cd4-882b-4e40b83438e1.png,1,Clinical waste bags,"Clinical waste bags, yellow","Clinical waste bags: Yellow, printed to standard. Available as roll of 50 and carton of 10 rolls. Priced on the page, no account needed, dispatched from.",draft
clinical-waste-bags,,,,,,,Capacity,27L,Pack,Carton of 10 rolls,GPS-CLI-CLINICAL-WASTE-BAGS-0102,0,shopify,0,deny,manual,164.00,TRUE,TRUE,,,,,,
clinical-waste-bags,,,,,,,Capacity,72L,Pack,Roll of 50,GPS-CLI-CLINICAL-WASTE-BAGS-0201,0,shopify,0,deny,manual,18.90,TRUE,TRUE,,,,,,
clinical-waste-bags,,,,,,,Capacity,72L,Pack,Carton of 10 rolls,GPS-CLI-CLINICAL-WASTE-BAGS-0202,0,shopify,0,deny,manual,164.00,TRUE,TRUE,,,,,,
surface-wipes-clinical,"Surface wipes, clinical","<p>Alcohol free, so they can go on the surfaces alcohol degrades. Contact time is on the tub and it is longer than people think.</p><h2>About surface wipes, clinical</h2><p>Alcohol free, so they can go on the surfaces alcohol degrades. Contact time is on the tub and it is longer than people think.</p><h2>Choosing between the options</h2><p>There are 2 to choose from: Alcohol free and 70% alcohol.</p><p>Alcohol free: most surfaces.</p><p>70% alcohol: fast dry.</p><h2>Pack sizes</h2><p>Available as tub of 200 and carton of 6 tubs. The larger packs work out cheaper per unit, and the price for every one of them is on this page rather than behind a login.</p><h2>Specifications</h2><table><tr><th>Contact time</th><td>Printed on tub</td></tr><tr><th>Format</th><td>Canister</td></tr></table>",Good Practice Supply,Clinic & disposal,"clinic-disposal,waste,clinic,launch-range",FALSE,Formulation,Alcohol free,Pack,Tub of 200,GPS-CLI-SURFACE-WIPES-CLINICAL-0101,0,shopify,0,deny,manual,15.90,TRUE,TRUE,https://d8j0ntlcm91z4.cloudfront.net/user_302vtY04kC9nbtUjJJAhLoDVMFw/hf_20260912_014655_ff570e50-4d34-4cd4-882b-4e40b83438e1.png,1,"Surface wipes, clinical","Surface wipes, clinical, alcohol free","Surface wipes, clinical: Alcohol free, tub of 200. Available as tub of 200 and carton of 6 tubs. Priced on the page, no account needed, dispatched from.",draft
surface-wipes-clinical,,,,,,,Formulation,Alcohol free,Pack,Carton of 6 tubs,GPS-CLI-SURFACE-WIPES-CLINICAL-0102,0,shopify,0,deny,manual,84.00,TRUE,TRUE,,,,,,
surface-wipes-clinical,,,,,,,Formulation,70% alcohol,Pack,Tub of 200,GPS-CLI-SURFACE-WIPES-CLINICAL-0201,0,shopify,0,deny,manual,15.90,TRUE,TRUE,,,,,,
surface-wipes-clinical,,,,,,,Formulation,70% alcohol,Pack,Carton of 6 tubs,GPS-CLI-SURFACE-WIPES-CLINICAL-0202,0,shopify,0,deny,manual,84.00,TRUE,TRUE,,,,,,
incontinence-pads,Incontinence pads and pants,"<p>Shaped pads for use inside close fitting underwear and pull-up pants where a pad will not stay put. Absorbency matters more than size, and the two do not track together.</p><h2>About incontinence pads and pants</h2><p>Shaped pads for use inside close fitting underwear and pull-up pants where a pad will not stay put. Absorbency matters more than size, and the two do not track together.</p><h2>Choosing between the options</h2><p>There are 4 to choose from: Pad, moderate, Pad, maximum, Pull-up, medium and Pull-up, large.</p><p>Pad, moderate: day use.</p><p>Pad, maximum: night use.</p><p>Pull-up, medium: mobile.</p><p>Pull-up, large: mobile.</p><h2>Pack sizes</h2><p>Available as pack of 14, carton of 4 packs and carton of 8 packs. The larger packs work out cheaper per unit, and the price for every one of them is on this page rather than behind a login.</p><h2>Specifications</h2><table><tr><th>Absorbency</th><td>Rated per line</td></tr><tr><th>Format</th><td>Shaped pad or pull-up</td></tr><tr><th>Sizing</th><td>By hip measurement</td></tr></table>",Good Practice Supply,Clinic & disposal,"clinic-disposal,continence,continence,launch-range",FALSE,Absorbency,"Pad, moderate",Pack,Pack of 14,GPS-CLI-INCONTINENCE-PADS-0101,0,shopify,0,deny,manual,18.90,TRUE,TRUE,https://d8j0ntlcm91z4.cloudfront.net/user_302vtY04kC9nbtUjJJAhLoDVMFw/hf_20260915_111920_76f6efeb-d410-4d6d-a284-d9bc4471f625.png,1,Incontinence pads and pants,Incontinence pads and pants,"Shaped continence pads and pull-up pants, rated by absorbency rather than size. Packs and cartons priced on the page, no account needed.",draft
incontinence-pads,,,,,,,Absorbency,"Pad, moderate",Pack,Carton of 4 packs,GPS-CLI-INCONTINENCE-PADS-0102,0,shopify,0,deny,manual,69.00,TRUE,TRUE,,,,,,
incontinence-pads,,,,,,,Absorbency,"Pad, moderate",Pack,Carton of 8 packs,GPS-CLI-INCONTINENCE-PADS-0103,0,shopify,0,deny,manual,129.00,TRUE,TRUE,,,,,,
incontinence-pads,,,,,,,Absorbency,"Pad, maximum",Pack,Pack of 14,GPS-CLI-INCONTINENCE-PADS-0201,0,shopify,0,deny,manual,18.90,TRUE,TRUE,,,,,,
incontinence-pads,,,,,,,Absorbency,"Pad, maximum",Pack,Carton of 4 packs,GPS-CLI-INCONTINENCE-PADS-0202,0,shopify,0,deny,manual,69.00,TRUE,TRUE,,,,,,
incontinence-pads,,,,,,,Absorbency,"Pad, maximum",Pack,Carton of 8 packs,GPS-CLI-INCONTINENCE-PADS-0203,0,shopify,0,deny,manual,129.00,TRUE,TRUE,,,,,,
incontinence-pads,,,,,,,Absorbency,"Pull-up, medium",Pack,Pack of 14,GPS-CLI-INCONTINENCE-PADS-0301,0,shopify,0,deny,manual,18.90,TRUE,TRUE,,,,,,
incontinence-pads,,,,,,,Absorbency,"Pull-up, medium",Pack,Carton of 4 packs,GPS-CLI-INCONTINENCE-PADS-0302,0,shopify,0,deny,manual,69.00,TRUE,TRUE,,,,,,
incontinence-pads,,,,,,,Absorbency,"Pull-up, medium",Pack,Carton of 8 packs,GPS-CLI-INCONTINENCE-PADS-0303,0,shopify,0,deny,manual,129.00,TRUE,TRUE,,,,,,
incontinence-pads,,,,,,,Absorbency,"Pull-up, large",Pack,Pack of 14,GPS-CLI-INCONTINENCE-PADS-0401,0,shopify,0,deny,manual,18.90,TRUE,TRUE,,,,,,
incontinence-pads,,,,,,,Absorbency,"Pull-up, large",Pack,Carton of 4 packs,GPS-CLI-INCONTINENCE-PADS-0402,0,shopify,0,deny,manual,69.00,TRUE,TRUE,,,,,,
incontinence-pads,,,,,,,Absorbency,"Pull-up, large",Pack,Carton of 8 packs,GPS-CLI-INCONTINENCE-PADS-0403,0,shopify,0,deny,manual,129.00,TRUE,TRUE,,,,,,
hand-soap,Liquid hand wash,"<p>A pH neutral wash for hands that are washed twenty times a day, plus the 5L refill, because buying pumps over and over is the expensive way to do it.</p><h2>About liquid hand wash</h2><p>A pH neutral wash for hands that are washed twenty times a day, plus the 5L refill, because buying pumps over and over is the expensive way to do it.</p><h2>Choosing between the options</h2><p>There are 2 to choose from: pH neutral and Antibacterial.</p><p>pH neutral: everyday washing.</p><p>Antibacterial: where it is required.</p><h2>Pack sizes</h2><p>Available as 500ml pump, 5l refill and carton of 2 x 5l. The larger packs work out cheaper per unit, and the price for every one of them is on this page rather than behind a login.</p><h2>Specifications</h2><table><tr><th>Format</th><td>Pump bottle and bulk refill</td></tr><tr><th>pH</th><td>Neutral, skin matched</td></tr><tr><th>Fragrance</th><td>None</td></tr></table>",Good Practice Supply,Hygiene & cleaning,"hygiene-cleaning,hands,handwash,launch-range",FALSE,Formulation,pH neutral,Pack,500mL pump,GPS-HYG-HAND-SOAP-0101,0,shopify,0,deny,manual,7.90,TRUE,TRUE,https://d2ol7oe51mr4n9.cloudfront.net/user_302vtY04kC9nbtUjJJAhLoDVMFw/cd48a92f-24bd-4e14-91e7-c8539ca1b0c2.png,1,Liquid hand wash,"Liquid hand wash, ph neutral","Liquid hand wash: pH neutral, 500mL pump and 5L refill. Available as 500ml pump, 5l refill and carton of 2 x 5l. Priced on the page, no account needed.",draft
hand-soap,,,,,,,Formulation,pH neutral,Pack,5L refill,GPS-HYG-HAND-SOAP-0102,0,shopify,0,deny,manual,32.90,TRUE,TRUE,,,,,,
hand-soap,,,,,,,Formulation,pH neutral,Pack,Carton of 2 x 5L,GPS-HYG-HAND-SOAP-0103,0,shopify,0,deny,manual,62.00,TRUE,TRUE,,,,,,
hand-soap,,,,,,,Formulation,Antibacterial,Pack,500mL pump,GPS-HYG-HAND-SOAP-0201,0,shopify,0,deny,manual,7.90,TRUE,TRUE,,,,,,
hand-soap,,,,,,,Formulation,Antibacterial,Pack,5L refill,GPS-HYG-HAND-SOAP-0202,0,shopify,0,deny,manual,32.90,TRUE,TRUE,,,,,,
hand-soap,,,,,,,Formulation,Antibacterial,Pack,Carton of 2 x 5L,GPS-HYG-HAND-SOAP-0203,0,shopify,0,deny,manual,62.00,TRUE,TRUE,,,,,,
hand-towels,Interleaved hand towels,"<p>Interleaved rather than roll, so one comes out and the next one waits. Slimfold fits the standard dispenser, which is most of them.</p><h2>About interleaved hand towels</h2><p>Interleaved rather than roll, so one comes out and the next one waits. Slimfold fits the standard dispenser, which is most of them.</p><h2>Choosing between the options</h2><p>There are 2 to choose from: Slimfold and Ultraslim.</p><p>Slimfold: standard dispenser.</p><p>Ultraslim: compact dispenser.</p><h2>Pack sizes</h2><p>Available as carton of 2400 and carton of 4000. The larger packs work out cheaper per unit, and the price for every one of them is on this page rather than behind a login.</p><h2>Specifications</h2><table><tr><th>Fold</th><td>Interleaved, slimfold</td></tr><tr><th>Ply</th><td>1 ply</td></tr><tr><th>Dispenser</th><td>Standard slimfold</td></tr></table>",Good Practice Supply,Hygiene & cleaning,"hygiene-cleaning,paper,towels,launch-range",FALSE,Fold,Slimfold,Pack,Carton of 2400,GPS-HYG-HAND-TOWELS-0101,0,shopify,0,deny,manual,42.90,TRUE,TRUE,https://d8j0ntlcm91z4.cloudfront.net/user_302vtY04kC9nbtUjJJAhLoDVMFw/hf_20260915_111901_c5c01f5a-5e9d-4cd1-81fa-de32f17fa06f.png,1,Interleaved hand towels,"Interleaved hand towels, slimfold interleaved","Interleaved hand towels: Slimfold interleaved, carton. Available as carton of 2400 and carton of 4000. Priced on the page, no account needed, dispatched from.",draft
hand-towels,,,,,,,Fold,Slimfold,Pack,Carton of 4000,GPS-HYG-HAND-TOWELS-0102,0,shopify,0,deny,manual,68.90,TRUE,TRUE,,,,,,
hand-towels,,,,,,,Fold,Ultraslim,Pack,Carton of 2400,GPS-HYG-HAND-TOWELS-0201,0,shopify,0,deny,manual,42.90,TRUE,TRUE,,,,,,
hand-towels,,,,,,,Fold,Ultraslim,Pack,Carton of 4000,GPS-HYG-HAND-TOWELS-0202,0,shopify,0,deny,manual,68.90,TRUE,TRUE,,,,,,
facial-tissues,Facial tissues,"<p>Two ply, flat box, on the desk and in the treatment room. Bought by the carton because a single box lasts about a fortnight.</p><h2>About facial tissues</h2><p>Two ply, flat box, on the desk and in the treatment room. Bought by the carton because a single box lasts about a fortnight.</p><h2>Choosing between the options</h2><p>There are 2 to choose from: Standard box and Cube box.</p><p>Standard box: 100 sheets.</p><p>Cube box: fits a trolley.</p><h2>Pack sizes</h2><p>Available as box of 100, carton of 24 boxes and carton of 48 boxes. The larger packs work out cheaper per unit, and the price for every one of them is on this page rather than behind a login.</p><h2>Specifications</h2><table><tr><th>Ply</th><td>2 ply</td></tr><tr><th>Sheets</th><td>100 per box</td></tr><tr><th>Format</th><td>Flat or cube box</td></tr></table>",Good Practice Supply,Hygiene & cleaning,"hygiene-cleaning,paper,tissues,launch-range",FALSE,Box,Standard box,Pack,Box of 100,GPS-HYG-FACIAL-TISSUES-0101,0,shopify,0,deny,manual,1.90,TRUE,TRUE,https://d8j0ntlcm91z4.cloudfront.net/user_302vtY04kC9nbtUjJJAhLoDVMFw/hf_20260915_111902_f3e1fc31-f656-45cf-b97d-4e59d6ade4a9.png,1,Facial tissues,"Facial tissues, 2 ply","Facial tissues: 2 ply, box. Available as box of 100, carton of 24 boxes and carton of 48 boxes. Priced on the page, no account needed, dispatched from Sydney.",draft
facial-tissues,,,,,,,Box,Standard box,Pack,Carton of 24 boxes,GPS-HYG-FACIAL-TISSUES-0102,0,shopify,0,deny,manual,38.90,TRUE,TRUE,,,,,,
facial-tissues,,,,,,,Box,Standard box,Pack,Carton of 48 boxes,GPS-HYG-FACIAL-TISSUES-0103,0,shopify,0,deny,manual,72.00,TRUE,TRUE,,,,,,
facial-tissues,,,,,,,Box,Cube box,Pack,Box of 100,GPS-HYG-FACIAL-TISSUES-0201,0,shopify,0,deny,manual,1.90,TRUE,TRUE,,,,,,
facial-tissues,,,,,,,Box,Cube box,Pack,Carton of 24 boxes,GPS-HYG-FACIAL-TISSUES-0202,0,shopify,0,deny,manual,38.90,TRUE,TRUE,,,,,,
facial-tissues,,,,,,,Box,Cube box,Pack,Carton of 48 boxes,GPS-HYG-FACIAL-TISSUES-0203,0,shopify,0,deny,manual,72.00,TRUE,TRUE,,,,,,
cotton-wool-rolls,Cotton wool rolls,"<p>A zig-zag roll you tear from rather than pre-formed balls, for when the piece you want is a different size every time.</p><h2>About cotton wool rolls</h2><p>A zig-zag roll you tear from rather than pre-formed balls, for when the piece you want is a different size every time.</p><p>The material is 100% bleached cotton.</p><p>Supplied non-sterile.</p><h2>Choosing between the options</h2><p>There are 2 to choose from: 375g roll and 500g roll.</p><p>375g roll: the standard.</p><p>500g roll: larger.</p><h2>Pack sizes</h2><p>Available as each, box of 6 and carton of 12. The larger packs work out cheaper per unit, and the price for every one of them is on this page rather than behind a login.</p><h2>Specifications</h2><table><tr><th>Material</th><td>100% bleached cotton</td></tr><tr><th>Format</th><td>Zig-zag roll</td></tr><tr><th>Sterility</th><td>Non-sterile</td></tr></table>",Good Practice Supply,Hygiene & cleaning,"hygiene-cleaning,cotton,cotton,launch-range",FALSE,Roll size,375g roll,Pack,Each,GPS-HYG-COTTON-WOOL-ROLLS-0101,0,shopify,0,deny,manual,10.90,TRUE,TRUE,https://d8j0ntlcm91z4.cloudfront.net/user_302vtY04kC9nbtUjJJAhLoDVMFw/hf_20260915_111902_1adc5949-ff18-47c2-a576-2cfb89e269e1.png,1,Cotton wool rolls,"Cotton wool rolls, 100% cotton","Cotton wool rolls: 100% cotton, zig-zag roll. Available as each, box of 6 and carton of 12. Priced on the page, no account needed, dispatched from Sydney.",draft
cotton-wool-rolls,,,,,,,Roll size,375g roll,Pack,Box of 6,GPS-HYG-COTTON-WOOL-ROLLS-0102,0,shopify,0,deny,manual,59.00,TRUE,TRUE,,,,,,
cotton-wool-rolls,,,,,,,Roll size,375g roll,Pack,Carton of 12,GPS-HYG-COTTON-WOOL-ROLLS-0103,0,shopify,0,deny,manual,109.00,TRUE,TRUE,,,,,,
cotton-wool-rolls,,,,,,,Roll size,500g roll,Pack,Each,GPS-HYG-COTTON-WOOL-ROLLS-0201,0,shopify,0,deny,manual,10.90,TRUE,TRUE,,,,,,
cotton-wool-rolls,,,,,,,Roll size,500g roll,Pack,Box of 6,GPS-HYG-COTTON-WOOL-ROLLS-0202,0,shopify,0,deny,manual,59.00,TRUE,TRUE,,,,,,
cotton-wool-rolls,,,,,,,Roll size,500g roll,Pack,Carton of 12,GPS-HYG-COTTON-WOOL-ROLLS-0203,0,shopify,0,deny,manual,109.00,TRUE,TRUE,,,,,,
rigid-strapping-tape,Rigid strapping tape,"<p>The rigid zinc oxide roll that does the anchoring. It does not stretch, which is the whole point, and it tears straight across by hand.</p><h2>About rigid strapping tape</h2><p>The rigid zinc oxide roll that does the anchoring. It does not stretch, which is the whole point, and it tears straight across by hand.</p><p>The adhesive is zinc oxide.</p><h2>Choosing between the options</h2><p>There are 3 to choose from: 25mm, 38mm and 50mm.</p><p>25mm: fingers and thumbs.</p><p>38mm: the common one.</p><p>50mm: larger joints.</p><h2>Pack sizes</h2><p>Available as each, box of 8 and carton of 48. The larger packs work out cheaper per unit, and the price for every one of them is on this page rather than behind a login.</p><h2>Specifications</h2><table><tr><th>Adhesive</th><td>Zinc oxide</td></tr><tr><th>Stretch</th><td>Rigid, none</td></tr><tr><th>Length</th><td>13.7m</td></tr></table>",Good Practice Supply,Taping & supports,"taping-supports,rigid,rigid,launch-range",FALSE,Size,25mm,Pack,Each,GPS-TAP-RIGID-STRAPPING-TAPE-0101,0,shopify,0,deny,manual,6.90,TRUE,TRUE,https://d2ol7oe51mr4n9.cloudfront.net/user_302vtY04kC9nbtUjJJAhLoDVMFw/c5ace70a-b068-4174-89a0-6967a0428a36.png,1,Rigid strapping tape,"Rigid strapping tape, zinc oxide","Rigid strapping tape: Zinc oxide, 38mm x 13.7m. Available as each, box of 8 and carton of 48. Priced on the page, no account needed, dispatched from Sydney.",draft
rigid-strapping-tape,,,,,,,Size,25mm,Pack,Box of 8,GPS-TAP-RIGID-STRAPPING-TAPE-0102,0,shopify,0,deny,manual,49.90,TRUE,TRUE,,,,,,
rigid-strapping-tape,,,,,,,Size,25mm,Pack,Carton of 48,GPS-TAP-RIGID-STRAPPING-TAPE-0103,0,shopify,0,deny,manual,279.00,TRUE,TRUE,,,,,,
rigid-strapping-tape,,,,,,,Size,38mm,Pack,Each,GPS-TAP-RIGID-STRAPPING-TAPE-0201,0,shopify,0,deny,manual,6.90,TRUE,TRUE,,,,,,
rigid-strapping-tape,,,,,,,Size,38mm,Pack,Box of 8,GPS-TAP-RIGID-STRAPPING-TAPE-0202,0,shopify,0,deny,manual,49.90,TRUE,TRUE,,,,,,
rigid-strapping-tape,,,,,,,Size,38mm,Pack,Carton of 48,GPS-TAP-RIGID-STRAPPING-TAPE-0203,0,shopify,0,deny,manual,279.00,TRUE,TRUE,,,,,,
rigid-strapping-tape,,,,,,,Size,50mm,Pack,Each,GPS-TAP-RIGID-STRAPPING-TAPE-0301,0,shopify,0,deny,manual,6.90,TRUE,TRUE,,,,,,
rigid-strapping-tape,,,,,,,Size,50mm,Pack,Box of 8,GPS-TAP-RIGID-STRAPPING-TAPE-0302,0,shopify,0,deny,manual,49.90,TRUE,TRUE,,,,,,
rigid-strapping-tape,,,,,,,Size,50mm,Pack,Carton of 48,GPS-TAP-RIGID-STRAPPING-TAPE-0303,0,shopify,0,deny,manual,279.00,TRUE,TRUE,,,,,,
elastic-adhesive-bandage,Elastic adhesive bandage,"<p>Elastic adhesive over the top of a rigid anchor, so the strapping moves with the limb instead of peeling off it. Cuts with scissors rather than tearing.</p><h2>About elastic adhesive bandage</h2><p>Elastic adhesive over the top of a rigid anchor, so the strapping moves with the limb instead of peeling off it. Cuts with scissors rather than tearing.</p><p>The adhesive is zinc oxide.</p><h2>Choosing between the options</h2><p>There are 2 to choose from: 50mm and 75mm.</p><p>50mm: ankle and wrist.</p><p>75mm: the common one.</p><h2>Pack sizes</h2><p>Available as each, box of 6 and carton of 36. The larger packs work out cheaper per unit, and the price for every one of them is on this page rather than behind a login.</p><h2>Specifications</h2><table><tr><th>Adhesive</th><td>Zinc oxide</td></tr><tr><th>Stretch</th><td>Elastic, lengthwise</td></tr><tr><th>Length</th><td>4.5m stretched</td></tr></table>",Good Practice Supply,Taping & supports,"taping-supports,elastic,eab,launch-range",FALSE,Size,50mm,Pack,Each,GPS-TAP-ELASTIC-ADHESIVE-BANDAGE-0101,0,shopify,0,deny,manual,10.90,TRUE,TRUE,https://d2ol7oe51mr4n9.cloudfront.net/user_302vtY04kC9nbtUjJJAhLoDVMFw/e5cd5eeb-ff9a-4071-ad51-a5105a08bfbf.png,1,Elastic adhesive bandage,"Elastic adhesive bandage, eab","Elastic adhesive bandage: EAB, 75mm x 4.5m stretched. Available as each, box of 6 and carton of 36. Priced on the page, no account needed, dispatched from.",draft
elastic-adhesive-bandage,,,,,,,Size,50mm,Pack,Box of 6,GPS-TAP-ELASTIC-ADHESIVE-BANDAGE-0102,0,shopify,0,deny,manual,59.00,TRUE,TRUE,,,,,,
elastic-adhesive-bandage,,,,,,,Size,50mm,Pack,Carton of 36,GPS-TAP-ELASTIC-ADHESIVE-BANDAGE-0103,0,shopify,0,deny,manual,324.00,TRUE,TRUE,,,,,,
elastic-adhesive-bandage,,,,,,,Size,75mm,Pack,Each,GPS-TAP-ELASTIC-ADHESIVE-BANDAGE-0201,0,shopify,0,deny,manual,10.90,TRUE,TRUE,,,,,,
elastic-adhesive-bandage,,,,,,,Size,75mm,Pack,Box of 6,GPS-TAP-ELASTIC-ADHESIVE-BANDAGE-0202,0,shopify,0,deny,manual,59.00,TRUE,TRUE,,,,,,
elastic-adhesive-bandage,,,,,,,Size,75mm,Pack,Carton of 36,GPS-TAP-ELASTIC-ADHESIVE-BANDAGE-0203,0,shopify,0,deny,manual,324.00,TRUE,TRUE,,,,,,
kinesiology-tape,Kinesiology tape,"<p>Cotton elastic with a wave pattern adhesive, in a roll you cut to shape. A different job to strapping: it stays on for days and it does not restrict a joint.</p><h2>About kinesiology tape</h2><p>Cotton elastic with a wave pattern adhesive, in a roll you cut to shape. A different job to strapping: it stays on for days and it does not restrict a joint.</p><p>The material is cotton elastic and adhesive is acrylic, wave pattern.</p><h2>Choosing between the options</h2><p>There are 4 to choose from: Beige, Black, Blue and Pre-cut strips.</p><p>Beige: the default.</p><p>Black: most asked for.</p><p>Blue: colour coded.</p><p>Pre-cut strips: no scissors.</p><h2>Pack sizes</h2><p>Available as roll, box of 6 rolls and bulk roll, 31.5m. The larger packs work out cheaper per unit, and the price for every one of them is on this page rather than behind a login.</p><h2>Specifications</h2><table><tr><th>Material</th><td>Cotton elastic</td></tr><tr><th>Adhesive</th><td>Acrylic, wave pattern</td></tr><tr><th>Wear time</th><td>Up to 5 days</td></tr></table>",Good Practice Supply,Taping & supports,"taping-supports,elastic,kinesio,launch-range",FALSE,Colour or cut,Beige,Pack,Roll,GPS-TAP-KINESIOLOGY-TAPE-0101,0,shopify,0,deny,manual,14.90,TRUE,TRUE,https://d8j0ntlcm91z4.cloudfront.net/user_302vtY04kC9nbtUjJJAhLoDVMFw/hf_20260915_112232_e93ce35d-9a21-4d6b-bed9-d925f476a1a9.png,1,Kinesiology tape,"Kinesiology tape, cotton elastic","Kinesiology tape: Cotton elastic, 5cm x 5m. Available as roll, box of 6 rolls and bulk roll, 31.5m. Priced on the page, no account needed, dispatched from.",draft
kinesiology-tape,,,,,,,Colour or cut,Beige,Pack,Box of 6 rolls,GPS-TAP-KINESIOLOGY-TAPE-0102,0,shopify,0,deny,manual,79.00,TRUE,TRUE,,,,,,
kinesiology-tape,,,,,,,Colour or cut,Beige,Pack,"Bulk roll, 31.5m",GPS-TAP-KINESIOLOGY-TAPE-0103,0,shopify,0,deny,manual,69.00,TRUE,TRUE,,,,,,
kinesiology-tape,,,,,,,Colour or cut,Black,Pack,Roll,GPS-TAP-KINESIOLOGY-TAPE-0201,0,shopify,0,deny,manual,14.90,TRUE,TRUE,,,,,,
kinesiology-tape,,,,,,,Colour or cut,Black,Pack,Box of 6 rolls,GPS-TAP-KINESIOLOGY-TAPE-0202,0,shopify,0,deny,manual,79.00,TRUE,TRUE,,,,,,
kinesiology-tape,,,,,,,Colour or cut,Black,Pack,"Bulk roll, 31.5m",GPS-TAP-KINESIOLOGY-TAPE-0203,0,shopify,0,deny,manual,69.00,TRUE,TRUE,,,,,,
kinesiology-tape,,,,,,,Colour or cut,Blue,Pack,Roll,GPS-TAP-KINESIOLOGY-TAPE-0301,0,shopify,0,deny,manual,14.90,TRUE,TRUE,,,,,,
kinesiology-tape,,,,,,,Colour or cut,Blue,Pack,Box of 6 rolls,GPS-TAP-KINESIOLOGY-TAPE-0302,0,shopify,0,deny,manual,79.00,TRUE,TRUE,,,,,,
kinesiology-tape,,,,,,,Colour or cut,Blue,Pack,"Bulk roll, 31.5m",GPS-TAP-KINESIOLOGY-TAPE-0303,0,shopify,0,deny,manual,69.00,TRUE,TRUE,,,,,,
kinesiology-tape,,,,,,,Colour or cut,Pre-cut strips,Pack,Roll,GPS-TAP-KINESIOLOGY-TAPE-0401,0,shopify,0,deny,manual,14.90,TRUE,TRUE,,,,,,
kinesiology-tape,,,,,,,Colour or cut,Pre-cut strips,Pack,Box of 6 rolls,GPS-TAP-KINESIOLOGY-TAPE-0402,0,shopify,0,deny,manual,79.00,TRUE,TRUE,,,,,,
kinesiology-tape,,,,,,,Colour or cut,Pre-cut strips,Pack,"Bulk roll, 31.5m",GPS-TAP-KINESIOLOGY-TAPE-0403,0,shopify,0,deny,manual,69.00,TRUE,TRUE,,,,,,
compression-stockings,Compression stockings,"<p>Class 1 knee high, sized on ankle and calf measurement rather than shoe size. Sizing is the whole job here: a stocking that is too big does nothing and one that is too small will not be worn.</p><h2>About compression stockings</h2><p>Class 1 knee high, sized on ankle and calf measurement rather than shoe size. Sizing is the whole job here: a stocking that is too big does nothing and one that is too small will not be worn.</p><h2>Choosing between the options</h2><p>There are 4 to choose from: Small, Medium, Large and Extra large.</p><p>Small: by measurement.</p><p>Medium: by measurement.</p><p>Large: by measurement.</p><p>Extra large: by measurement.</p><h2>Pack sizes</h2><p>Available as pair, box of 5 pairs and carton of 20 pairs. The larger packs work out cheaper per unit, and the price for every one of them is on this page rather than behind a login.</p><h2>Specifications</h2><table><tr><th>Class</th><td>Class 1, 14 to 17mmHg</td></tr><tr><th>Length</th><td>Knee high</td></tr><tr><th>Sizing</th><td>Ankle and calf measurement</td></tr></table>",Good Practice Supply,Taping & supports,"taping-supports,compression,stockings,launch-range",FALSE,Size,Small,Pack,Pair,GPS-TAP-COMPRESSION-STOCKINGS-0101,0,shopify,0,deny,manual,24.90,TRUE,TRUE,https://d8j0ntlcm91z4.cloudfront.net/user_302vtY04kC9nbtUjJJAhLoDVMFw/hf_20260915_112231_8109e286-e963-4222-a9c4-eb6082edb19f.png,1,Compression stockings,"Compression stockings, class 1 knee high","Compression stockings: Class 1 knee high. Available as pair, box of 5 pairs and carton of 20 pairs. Priced on the page, no account needed, dispatched from.",draft
compression-stockings,,,,,,,Size,Small,Pack,Box of 5 pairs,GPS-TAP-COMPRESSION-STOCKINGS-0102,0,shopify,0,deny,manual,109.00,TRUE,TRUE,,,,,,
compression-stockings,,,,,,,Size,Small,Pack,Carton of 20 pairs,GPS-TAP-COMPRESSION-STOCKINGS-0103,0,shopify,0,deny,manual,399.00,TRUE,TRUE,,,,,,
compression-stockings,,,,,,,Size,Medium,Pack,Pair,GPS-TAP-COMPRESSION-STOCKINGS-0201,0,shopify,0,deny,manual,24.90,TRUE,TRUE,,,,,,
compression-stockings,,,,,,,Size,Medium,Pack,Box of 5 pairs,GPS-TAP-COMPRESSION-STOCKINGS-0202,0,shopify,0,deny,manual,109.00,TRUE,TRUE,,,,,,
compression-stockings,,,,,,,Size,Medium,Pack,Carton of 20 pairs,GPS-TAP-COMPRESSION-STOCKINGS-0203,0,shopify,0,deny,manual,399.00,TRUE,TRUE,,,,,,
compression-stockings,,,,,,,Size,Large,Pack,Pair,GPS-TAP-COMPRESSION-STOCKINGS-0301,0,shopify,0,deny,manual,24.90,TRUE,TRUE,,,,,,
compression-stockings,,,,,,,Size,Large,Pack,Box of 5 pairs,GPS-TAP-COMPRESSION-STOCKINGS-0302,0,shopify,0,deny,manual,109.00,TRUE,TRUE,,,,,,
compression-stockings,,,,,,,Size,Large,Pack,Carton of 20 pairs,GPS-TAP-COMPRESSION-STOCKINGS-0303,0,shopify,0,deny,manual,399.00,TRUE,TRUE,,,,,,
compression-stockings,,,,,,,Size,Extra large,Pack,Pair,GPS-TAP-COMPRESSION-STOCKINGS-0401,0,shopify,0,deny,manual,24.90,TRUE,TRUE,,,,,,
compression-stockings,,,,,,,Size,Extra large,Pack,Box of 5 pairs,GPS-TAP-COMPRESSION-STOCKINGS-0402,0,shopify,0,deny,manual,109.00,TRUE,TRUE,,,,,,
compression-stockings,,,,,,,Size,Extra large,Pack,Carton of 20 pairs,GPS-TAP-COMPRESSION-STOCKINGS-0403,0,shopify,0,deny,manual,399.00,TRUE,TRUE,,,,,,
